customer_id,full_name,email,city,state,country,postal_code,acquisition_channel,is_active,created_at,updated_at,_loaded_at
CUST-00001,Brian Yang,johnsonjoshua@example.org,New Roberttown,CO,US,29158,Paid Search,False,2024-01-05T00:27:29.211113,2026-04-24T19:23:12.121124,2026-04-24T19:23:36.078231
CUST-00002,Kevin Pacheco,jennifermiles@example.com,Port Lindachester,MA,US,36922,Referral,True,2023-10-12T10:47:55.258147,2026-04-24T19:23:33.432784,2026-04-24T19:23:36.091878
CUST-00003,Lindsey Roman,CURTIS61@EXAMPLE.COM,Herrerafurt,CO,US,72858,social media,True,2024-03-11T07:53:59.291195,2026-04-24T19:23:13.718388,2026-04-24T19:23:36.092577
CUST-00004,Dylan Miller,barbara10@example.net,Port Craig,KY,US,59930,Paid Search,True,2025-03-21T14:52:28.419809,2026-04-24T19:22:57.889931,2026-04-24T19:23:36.105763
CUST-00005,Kimberly Sanchez,michael41@example.net,Grayside,IN,US,90234,ORGANIC SEARCH,False,2024-04-14T09:51:42.460943,2026-04-24T19:23:22.098815,2026-04-24T19:23:36.107057
CUST-00006,Austin Gentry,PEREZANTONIO@EXAMPLE.COM,Jasonfort,MO,US,84760,EMAIL,True,2024-09-08T20:39:40.794523,2026-04-24T19:22:51.892810,2026-04-24T19:23:36.108111
CUST-00007,Stephanie Ross,julieryan@example.net,East William,CO,US,99562,ORGANIC SEARCH,True,2023-06-15T17:08:42.234683,2026-04-24T19:22:42.578948,2026-04-24T19:23:36.108874
CUST-00008,Kyle Mcdonald,laurahenderson@example.org,Tashatown,TX,US,94967,PAID_SEARCH,True,2023-08-28T14:30:38.461924,2026-04-24T19:23:29.087307,2026-04-24T19:23:36.109325
CUST-00009,Jesse Mckay,KAYLA51@EXAMPLE.COM,Teresaburgh,NY,US,14448,Referral,True,2025-12-03T22:22:09.843195,2026-04-24T19:22:53.906687,2026-04-24T19:23:36.109796
CUST-00010,Tammy Sellers,ericfarmer@example.net,Tracyville,MN,US,40807,ORGANIC SEARCH,True,2024-01-12T11:03:13.658646,2026-04-24T19:22:50.452296,2026-04-24T19:23:36.110229
CUST-00011,Kim Martinez,millertodd@example.org,Arroyoburgh,KS,US,69664,social media,True,2025-12-06T00:42:53.119631,2026-04-24T19:23:01.388276,2026-04-24T19:23:36.110688
CUST-00012,Eric Carney,SARAHCAMPOS@EXAMPLE.NET,Samuelhaven,NV,US,16361,organic,True,2024-01-21T17:21:09.135792,2026-04-24T19:22:39.841554,2026-04-24T19:23:36.111394
CUST-00013,Michael Brown,chapmanjerry@example.org,North Micheleland,NY,US,31696,EMAIL,True,2024-02-24T05:18:11.794159,2026-04-24T19:23:05.124870,2026-04-24T19:23:36.112262
CUST-00014,Richard Aguirre,jenniferkhan@example.net,North Collin,NE,US,46939,organic,True,2024-08-01T05:04:18.930932,2026-04-24T19:23:04.021480,2026-04-24T19:23:36.113163
CUST-00015,Nicholas Mcbride,NUNEZTRACEY@EXAMPLE.ORG,East Jamesside,NV,US,18874,PAID_SEARCH,True,2024-07-30T08:26:45.281606,2026-04-24T19:22:52.712709,2026-04-24T19:23:36.113923
CUST-00016,Matthew Fernandez,nancyjones@example.net,North Sarabury,GA,US,53770,organic,True,2024-10-08T05:08:45.221306,2026-04-24T19:22:48.824838,2026-04-24T19:23:36.114509
CUST-00017,James House,kbarrera@example.com,Mitchellside,TN,US,94664,ORGANIC SEARCH,True,2024-10-09T08:14:22.568684,2026-04-24T19:22:47.393872,2026-04-24T19:23:36.115192
CUST-00018,Erik Williams,TANYARILEY@EXAMPLE.NET,Shawhaven,GA,US,07956,Paid Search,True,2026-03-12T19:58:08.968270,2026-04-24T19:22:40.806688,2026-04-24T19:23:36.115742
CUST-00019,Todd Hudson,caseyjones@example.org,New Christophershire,OK,US,69023,PAID_SEARCH,True,2024-04-05T17:46:28.141354,2026-04-24T19:22:51.645942,2026-04-24T19:23:36.116393
CUST-00020,Joyce Hickman,john62@example.net,North Stephenshire,CT,US,10103,Referral,True,2024-12-04T04:25:36.606193,2026-04-24T19:23:06.353082,2026-04-24T19:23:36.117098
CUST-00021,Christopher Bass,SARAHIBARRA@EXAMPLE.ORG,Cherylhaven,AL,US,88039,organic,True,2025-10-06T09:42:57.402793,2026-04-24T19:22:53.962725,2026-04-24T19:23:36.117840
CUST-00022,Natalie Moore,mcmillandennis@example.org,Cassandramouth,IL,US,90612,Paid Search,False,2025-03-20T00:50:09.434868,2026-04-24T19:22:51.839034,2026-04-24T19:23:36.118406
CUST-00023,Sandra Williams,dking@example.org,Kellieview,GA,US,97655,EMAIL,True,2024-08-21T05:10:41.299522,2026-04-24T19:23:18.340047,2026-04-24T19:23:36.118802
CUST-00024,Kimberly Davenport,RODRIGUEZSIERRA@EXAMPLE.NET,South David,ME,US,48296,Paid Search,True,2026-01-04T02:51:58.588521,2026-04-24T19:23:23.767338,2026-04-24T19:23:36.119268
CUST-00025,Heather Castro,nolanjason@example.org,Dicksonberg,IA,US,21800,Paid Search,True,2026-03-29T17:39:37.616067,2026-04-24T19:23:24.646303,2026-04-24T19:23:36.119731
CUST-00026,Jennifer Santiago,vjohnson@example.com,West Erik,UT,US,14669,Social Media,True,2024-06-17T05:54:49.494427,2026-04-24T19:22:38.323477,2026-04-24T19:23:36.120192
CUST-00027,Robert Perez,DWALKER@EXAMPLE.COM,Lake Jamesmouth,KY,US,09600,organic,True,2026-03-19T12:39:02.579846,2026-04-24T19:22:52.747499,2026-04-24T19:23:36.120727
CUST-00028,Ashley Waller,ifrazier@example.com,New Sydney,KS,US,05515,organic,True,2023-08-21T20:48:13.188394,2026-04-24T19:23:02.073826,2026-04-24T19:23:36.121106
CUST-00029,Cheryl Williams,samuel81@example.com,Smithside,TX,US,94798,Referral,True,2026-02-18T08:27:36.766978,2026-04-24T19:23:20.222262,2026-04-24T19:23:36.121483
CUST-00030,Lisa Alvarado,MICHAELJONES@EXAMPLE.NET,Lake Rachelhaven,ME,US,87911,Paid Search,True,2024-07-15T13:43:45.101132,2026-04-24T19:23:00.144023,2026-04-24T19:23:36.121915
CUST-00031,Megan Orr,angela36@example.net,Richardtown,ME,US,38107,social media,True,2023-12-11T09:20:33.884877,2026-04-24T19:23:23.145530,2026-04-24T19:23:36.122255
CUST-00032,Steven Flynn,steven73@example.net,Lake Christopher,NY,US,87513,EMAIL,True,2025-03-18T14:43:32.490595,2026-04-24T19:22:56.111295,2026-04-24T19:23:36.122592
CUST-00033,Angel Riggs,EMILYWALKER@EXAMPLE.ORG,South Robertshire,ID,US,94656,PAID_SEARCH,True,2025-05-27T02:19:27.954365,2026-04-24T19:23:05.662630,2026-04-24T19:23:36.123129
CUST-00034,Colleen Brock,dylanwatts@example.org,Williamsbury,PW,US,16407,EMAIL,True,2024-09-06T05:48:36.573611,2026-04-24T19:23:24.084996,2026-04-24T19:23:36.123610
CUST-00035,Jessica Meadows,stephanie79@example.net,Merrittfort,NV,US,34473,ORGANIC SEARCH,True,2025-07-26T19:47:07.640968,2026-04-24T19:23:26.391773,2026-04-24T19:23:36.124108
CUST-00036,Jeremiah Reeves,KATIE87@EXAMPLE.NET,West Matthew,MH,US,71299,ORGANIC SEARCH,True,2023-07-22T09:05:06.775945,2026-04-24T19:22:45.049839,2026-04-24T19:23:36.124588
CUST-00037,Jason Daniels,tbenson@example.org,Brownchester,MS,US,77057,PAID_SEARCH,True,2026-02-24T16:57:20.737156,2026-04-24T19:22:37.171917,2026-04-24T19:23:36.125130
CUST-00038,Sarah Ashley,wwoods@example.com,Medinaside,AS,US,79570,EMAIL,True,2026-01-02T20:05:41.134361,2026-04-24T19:23:05.293769,2026-04-24T19:23:36.125574
CUST-00039,Rebecca Ramsey,RYAN06@EXAMPLE.COM,Calhounside,AK,US,52146,organic,True,2025-02-01T15:16:24.668825,2026-04-24T19:23:15.779985,2026-04-24T19:23:36.125964
CUST-00040,David Murphy,dayderek@example.com,Murphyfurt,KY,US,99068,Social Media,True,2026-03-02T08:10:42.805409,2026-04-24T19:23:01.293890,2026-04-24T19:23:36.126417
CUST-00041,Mrs. Marie Harrington DDS,ruizkaitlyn@example.org,East Jamestown,RI,US,20474,Social Media,True,2024-01-11T11:11:32.953274,2026-04-24T19:23:04.413664,2026-04-24T19:23:36.126855
CUST-00042,Jacob Obrien,ELLIOTTJEFFERY@EXAMPLE.NET,Port Loriport,CT,US,76350,social media,True,2023-05-23T05:23:08.342252,2026-04-24T19:22:54.717435,2026-04-24T19:23:36.127355
CUST-00043,Michael Burton,tsanders@example.org,Lake Kendraville,WY,US,74678,Referral,True,2025-08-29T15:16:52.070029,2026-04-24T19:22:56.832226,2026-04-24T19:23:36.127970
CUST-00044,Alexandria Fisher,estanley@example.net,Garciastad,SC,US,60759,PAID_SEARCH,True,2025-06-08T02:23:41.981333,2026-04-24T19:23:02.129229,2026-04-24T19:23:36.128490
CUST-00045,Nicholas Adams,CHRISTINA87@EXAMPLE.COM,Port Sarah,KY,US,59588,PAID_SEARCH,True,2024-01-17T07:03:15.879997,2026-04-24T19:23:03.882508,2026-04-24T19:23:36.128886
CUST-00046,Daniel Salinas,frogers@example.com,Joshuaview,OH,US,01831,social media,True,2024-11-11T03:59:46.380686,2026-04-24T19:22:47.463385,2026-04-24T19:23:36.129333
CUST-00047,Maria Henry,jenniferfreeman@example.org,North Kellyfurt,UT,US,32391,Paid Search,True,2024-03-25T14:29:38.190908,2026-04-24T19:23:10.893335,2026-04-24T19:23:36.129872
CUST-00048,Krista Bell MD,WTRAN@EXAMPLE.COM,Johnville,VA,US,25743,Paid Search,True,2024-04-04T20:09:38.560143,2026-04-24T19:23:20.572864,2026-04-24T19:23:36.130330
CUST-00049,Vanessa Warren,jamesrodgers@example.com,Tinaborough,LA,US,30317,social media,True,2024-05-24T12:17:52.226771,2026-04-24T19:22:54.136055,2026-04-24T19:23:36.130762
CUST-00050,Tony Little,joshuamccann@example.net,Garciatown,OK,US,37769,PAID_SEARCH,True,2024-09-20T09:58:06.247319,2026-04-24T19:23:02.428128,2026-04-24T19:23:36.131206
CUST-00051,Austin Vasquez,TAMMYKING@EXAMPLE.COM,East Edwardshire,ME,US,11665,PAID_SEARCH,True,2026-04-18T03:26:23.776859,2026-04-24T19:22:43.107094,2026-04-24T19:23:36.131619
CUST-00052,Joseph Hayes,yobrien@example.net,Evansshire,NE,US,40527,Social Media,True,2025-01-07T03:30:44.141158,2026-04-24T19:22:39.613818,2026-04-24T19:23:36.131995
CUST-00053,Brad Allen,mezajared@example.org,East Aaronmouth,UT,US,78333,ORGANIC SEARCH,True,2024-09-20T23:31:31.934705,2026-04-24T19:22:37.958391,2026-04-24T19:23:36.132409
CUST-00054,Dennis Moody,JASMINE71@EXAMPLE.NET,South Danny,IN,US,85387,Paid Search,True,2023-10-05T08:07:36.650233,2026-04-24T19:22:51.937948,2026-04-24T19:23:36.132854
CUST-00055,Samantha Morse,charlesmartin@example.com,Martinezport,UT,US,53258,Referral,True,2026-02-20T23:55:07.227322,2026-04-24T19:23:06.028331,2026-04-24T19:23:36.133346
CUST-00056,Morgan Munoz,mkim@example.org,North Jeremyshire,OR,US,03220,organic,True,2026-04-24T08:07:56.642506,2026-04-24T19:23:16.336895,2026-04-24T19:23:36.133731
CUST-00057,Sydney White,BARBARA27@EXAMPLE.NET,Waltersfort,CO,US,62106,PAID_SEARCH,True,2024-05-10T08:32:12.697651,2026-04-24T19:22:55.998504,2026-04-24T19:23:36.134248
CUST-00058,Matthew Morales DDS,hodgemark@example.net,South Christopherview,MD,US,15695,ORGANIC SEARCH,True,2026-03-23T03:18:59.674308,2026-04-24T19:23:00.250503,2026-04-24T19:23:36.134720
CUST-00059,Joseph Dean,sandovalamy@example.com,Garrettton,IL,US,35504,Referral,True,2024-12-16T21:05:12.516715,2026-04-24T19:23:31.660366,2026-04-24T19:23:36.135166
CUST-00060,Mark Lloyd,FGILMORE@EXAMPLE.ORG,West Andrea,OH,US,53977,social media,True,2023-08-05T05:15:36.880284,2026-04-24T19:23:35.535428,2026-04-24T19:23:36.135523
CUST-00061,Dr. Jordan Hill PhD,murraydavid@example.org,Sanchezside,FL,US,50778,Paid Search,True,2023-11-19T22:38:40.027975,2026-04-24T19:23:11.962656,2026-04-24T19:23:36.135966
CUST-00062,Richard Adams,michellehill@example.com,West Jessicashire,OR,US,87000,Referral,True,2024-10-12T14:18:52.084666,2026-04-24T19:22:44.915725,2026-04-24T19:23:36.136491
CUST-00063,Timothy Kane,JREED@EXAMPLE.NET,New Patrick,PR,US,54342,EMAIL,True,2023-06-11T21:55:04.265342,2026-04-24T19:23:20.682309,2026-04-24T19:23:36.136925
CUST-00064,Mrs. Amanda Shaw,qhughes@example.net,Mollymouth,CT,US,69438,social media,True,2026-01-16T16:14:16.372893,2026-04-24T19:22:36.920856,2026-04-24T19:23:36.137303
CUST-00065,Richard Baker,robertpena@example.org,Santosmouth,PR,US,88890,ORGANIC SEARCH,True,2025-11-21T16:27:39.757853,2026-04-24T19:22:58.800564,2026-04-24T19:23:36.137735
CUST-00066,Cynthia Cohen,COURTNEY78@EXAMPLE.ORG,Wendyland,NE,US,13404,Social Media,False,2025-08-05T05:45:19.370482,2026-04-24T19:23:18.233450,2026-04-24T19:23:36.138099
CUST-00067,Robert Carter,wallaceheather@example.org,Ryanbury,NC,US,54509,organic,True,2025-01-04T04:28:21.378935,2026-04-24T19:23:23.551168,2026-04-24T19:23:36.138512
CUST-00068,Cynthia Durham,gregorylynch@example.com,East Steven,KS,US,60737,Referral,True,2024-01-29T20:30:25.249780,2026-04-24T19:22:36.563846,2026-04-24T19:23:36.138921
CUST-00069,Jeremy Reed,RSANTANA@EXAMPLE.NET,Daniellechester,UT,US,33281,EMAIL,True,2024-09-06T15:38:41.996960,2026-04-24T19:22:54.127300,2026-04-24T19:23:36.139288
CUST-00070,Ian Phillips,gcastaneda@example.org,Andrewfurt,KY,US,01562,Paid Search,True,2025-01-04T04:29:51.792691,2026-04-24T19:23:17.147969,2026-04-24T19:23:36.139648
CUST-00071,Crystal Pham,lozanojulie@example.com,Lake James,KS,US,89336,Social Media,True,2025-07-30T23:43:45.064069,2026-04-24T19:23:22.048246,2026-04-24T19:23:36.140075
CUST-00072,Richard Johnson,COURTNEYBERGER@EXAMPLE.NET,Jessicaland,PW,US,39181,social media,True,2024-04-17T01:55:55.985776,2026-04-24T19:23:00.930186,2026-04-24T19:23:36.140485
CUST-00073,Susan Rivas,davidryan@example.com,Robinfort,AS,US,39185,Social Media,True,2025-07-21T02:34:52.223166,2026-04-24T19:22:56.322915,2026-04-24T19:23:36.140993
CUST-00074,Misty Whitney,mcdonaldcharles@example.org,Christopherfurt,AL,US,35164,social media,True,2024-12-03T00:29:47.836534,2026-04-24T19:23:03.287162,2026-04-24T19:23:36.141411
CUST-00075,Alexander Henson,BRENDA51@EXAMPLE.NET,Rosebury,SD,US,08786,PAID_SEARCH,True,2025-03-21T07:29:51.371300,2026-04-24T19:23:03.856052,2026-04-24T19:23:36.141773
CUST-00076,Elizabeth Vasquez,debra12@example.org,East Paigeberg,MS,US,59960,EMAIL,True,2024-06-04T14:42:03.080848,2026-04-24T19:23:32.962846,2026-04-24T19:23:36.142120
CUST-00077,Mary Bass,umatthews@example.org,Crosbyview,AZ,US,90977,PAID_SEARCH,True,2024-06-04T02:02:14.031823,2026-04-24T19:23:02.602985,2026-04-24T19:23:36.142496
CUST-00078,Steven Newman,MELISSAGARCIA@EXAMPLE.NET,South Joshuaville,PR,US,60101,organic,True,2023-08-03T12:52:24.600471,2026-04-24T19:22:48.726349,2026-04-24T19:23:36.142939
CUST-00079,Christine Gallegos,williamsmatthew@example.org,New Jason,VI,US,31040,Social Media,True,2024-04-19T02:19:49.550243,2026-04-24T19:22:44.853251,2026-04-24T19:23:36.143366
CUST-00080,Rebecca Rodriguez,ramireztracey@example.org,East Alexisbury,OR,US,42938,EMAIL,True,2023-05-12T09:06:45.511602,2026-04-24T19:22:51.922050,2026-04-24T19:23:36.143857
CUST-00081,Jerome Cox,JUDYFOX@EXAMPLE.NET,South Williamton,VA,US,86864,ORGANIC SEARCH,True,2024-11-16T10:51:11.671667,2026-04-24T19:23:03.482551,2026-04-24T19:23:36.144316
CUST-00082,Brian Joseph,browntimothy@example.com,Jonesland,MD,US,80231,EMAIL,True,2023-10-04T14:53:13.228673,2026-04-24T19:22:43.571495,2026-04-24T19:23:36.144758
CUST-00083,Larry Garcia,oscar98@example.com,Port Dianaside,VA,US,28684,ORGANIC SEARCH,True,2024-08-08T07:46:33.027908,2026-04-24T19:23:29.285461,2026-04-24T19:23:36.145113
CUST-00084,Brandon Simmons,DMORGAN@EXAMPLE.COM,Nicholasberg,TX,US,62664,ORGANIC SEARCH,True,2023-07-07T15:32:08.217026,2026-04-24T19:23:25.906313,2026-04-24T19:23:36.145651
CUST-00085,Kristie Willis,reynoldsjulie@example.com,Elizabethchester,MI,US,87708,ORGANIC SEARCH,True,2026-02-19T07:15:11.971461,2026-04-24T19:23:01.376211,2026-04-24T19:23:36.146122
CUST-00086,Jordan Moore,schmittcaroline@example.com,Walkerville,MI,US,73411,Paid Search,True,2024-05-31T19:57:47.060791,2026-04-24T19:23:21.756338,2026-04-24T19:23:36.146605
CUST-00087,Maria Johnson,LINDSAYBRUCE@EXAMPLE.NET,Anthonyview,UT,US,41000,Referral,True,2026-01-28T20:01:41.503764,2026-04-24T19:22:57.061405,2026-04-24T19:23:36.147171
CUST-00088,Patrick Bonilla,mollyknight@example.com,Lake Alyssafurt,MT,US,59961,EMAIL,True,2024-05-02T14:44:41.046708,2026-04-24T19:22:58.203186,2026-04-24T19:23:36.147664
CUST-00089,Brittney Webster,kimberly99@example.org,Lake Christophermouth,TN,US,56077,Social Media,True,2024-10-08T05:41:13.479963,2026-04-24T19:23:02.522651,2026-04-24T19:23:36.148025
CUST-00090,Douglas Gregory,JASON81@EXAMPLE.COM,Roseport,AZ,US,29404,Social Media,True,2024-07-01T04:27:32.206599,2026-04-24T19:23:11.959497,2026-04-24T19:23:36.148391
CUST-00091,Donna Wilson,harrissierra@example.org,Burgessburgh,DC,US,50335,EMAIL,True,2024-11-28T15:34:17.694797,2026-04-24T19:22:49.806643,2026-04-24T19:23:36.148822
CUST-00092,Blake Edwards,charles06@example.org,Berrychester,LA,US,15597,PAID_SEARCH,True,2024-07-11T21:21:16.454621,2026-04-24T19:23:33.971982,2026-04-24T19:23:36.149181
CUST-00093,Anita Richard,LAURIEMONTGOMERY@EXAMPLE.NET,South Brianna,NC,US,10809,PAID_SEARCH,True,2024-07-01T17:41:39.765144,2026-04-24T19:22:54.616474,2026-04-24T19:23:36.149732
CUST-00094,Kerry Lee,jeffrey21@example.net,Michaelberg,IA,US,13975,ORGANIC SEARCH,True,2023-10-02T13:11:43.818094,2026-04-24T19:22:47.836308,2026-04-24T19:23:36.150098
CUST-00095,Lori Marshall,kathleenrios@example.org,Maldonadoshire,SD,US,83770,Paid Search,True,2026-04-10T01:12:13.498882,2026-04-24T19:22:55.392494,2026-04-24T19:23:36.150589
CUST-00096,Rebecca Vargas,EDWARD17@EXAMPLE.COM,Williamport,NH,US,59734,organic,True,2023-06-05T07:04:51.504088,2026-04-24T19:22:58.124256,2026-04-24T19:23:36.150946
CUST-00097,Julie Spencer,chase19@example.net,South Reginashire,SD,US,25173,Paid Search,True,2024-04-11T09:23:14.227851,2026-04-24T19:23:04.537742,2026-04-24T19:23:36.151303
CUST-00098,Mrs. Maria Williams,susanhayes@example.com,Ritterhaven,NC,US,80429,EMAIL,True,2023-10-16T00:42:15.004051,2026-04-24T19:22:58.371119,2026-04-24T19:23:36.151738
CUST-00099,Maria Jones,PAUL59@EXAMPLE.ORG,New Erikaport,KS,US,95362,social media,True,2025-11-13T03:58:31.864530,2026-04-24T19:23:33.864602,2026-04-24T19:23:36.152077
CUST-00100,Emily Douglas,mathewaguilar@example.org,Andersonland,ME,US,73760,Referral,True,2024-06-10T19:44:53.652887,2026-04-24T19:23:23.499717,2026-04-24T19:23:36.152528
CUST-00101,Susan Davis DDS,elizabethcalderon@example.net,Andrewport,HI,US,28575,Paid Search,True,2024-05-03T12:44:19.689991,2026-04-24T19:23:21.969373,2026-04-24T19:23:36.152943
CUST-00102,Richard Romero,JEREMYTAYLOR@EXAMPLE.ORG,Lake Matthewberg,PA,US,49878,Paid Search,True,2023-10-11T02:32:19.743679,2026-04-24T19:22:46.850758,2026-04-24T19:23:36.153353
CUST-00103,Cynthia Wallace,jenniferwilliams@example.com,Karenmouth,IN,US,70494,ORGANIC SEARCH,True,2024-01-12T03:35:25.031171,2026-04-24T19:23:33.935798,2026-04-24T19:23:36.153762
CUST-00104,Laura Alexander,mmckee@example.com,Kimberlyhaven,NC,US,55375,EMAIL,True,2026-03-18T20:19:17.071694,2026-04-24T19:23:25.013474,2026-04-24T19:23:36.154116
CUST-00105,Kristen Garcia,MONIQUEWILLIAMS@EXAMPLE.COM,West Christopherburgh,KY,US,59394,Social Media,True,2026-01-11T01:11:20.789289,2026-04-24T19:22:44.840919,2026-04-24T19:23:36.154539
CUST-00106,Tara Perry,odavis@example.com,Shawbury,MS,US,11197,PAID_SEARCH,True,2024-06-08T21:17:26.279536,2026-04-24T19:22:37.691253,2026-04-24T19:23:36.154937
CUST-00107,Dustin Gallegos,combsdebra@example.org,Port Janice,NV,US,81155,social media,True,2023-04-30T20:12:19.720770,2026-04-24T19:22:40.753546,2026-04-24T19:23:36.155435
CUST-00108,Jenny Parsons,JASON28@EXAMPLE.NET,West David,IA,US,55528,PAID_SEARCH,True,2025-03-25T04:47:43.049656,2026-04-24T19:23:13.368634,2026-04-24T19:23:36.155788
CUST-00109,Lynn Andrews,rodriguezrebecca@example.net,West Ruben,RI,US,46745,Social Media,True,2024-01-13T16:17:40.091323,2026-04-24T19:23:00.994056,2026-04-24T19:23:36.156302
CUST-00110,Rachel Romero,millsmichael@example.net,South Morganton,SC,US,51210,Social Media,True,2026-04-04T00:45:55.326791,2026-04-24T19:22:51.219016,2026-04-24T19:23:36.156984
CUST-00111,Lori Ingram,KELLYCARLOS@EXAMPLE.ORG,Dennisstad,ND,US,44875,Referral,True,2025-10-02T11:10:12.701507,2026-04-24T19:22:46.505348,2026-04-24T19:23:36.157513
CUST-00112,Chad Baldwin,epollard@example.net,Johnsonborough,AZ,US,26645,ORGANIC SEARCH,True,2025-12-20T15:58:34.903443,2026-04-24T19:22:54.935749,2026-04-24T19:23:36.158010
CUST-00113,Matthew Mitchell,zachary87@example.com,Port Dianaview,DE,US,48738,ORGANIC SEARCH,True,2024-08-15T20:44:20.109242,2026-04-24T19:23:00.001307,2026-04-24T19:23:36.158368
CUST-00114,Kathleen Jimenez,YKLINE@EXAMPLE.COM,Lauriechester,CO,US,56941,ORGANIC SEARCH,True,2025-02-13T04:59:10.963346,2026-04-24T19:23:25.340477,2026-04-24T19:23:36.158736
CUST-00115,Jeremy Robbins,manuel15@example.net,Lake Scott,NV,US,06052,Social Media,True,2025-06-29T11:20:34.410501,2026-04-24T19:23:30.696434,2026-04-24T19:23:36.159070
CUST-00116,Mark Cox,yhill@example.org,North Douglas,PA,US,89379,social media,True,2025-08-28T04:28:47.809786,2026-04-24T19:22:38.087938,2026-04-24T19:23:36.159425
CUST-00117,Keith Jacobs,YOUNGDEANNA@EXAMPLE.COM,Rushstad,NV,US,10578,Paid Search,True,2025-01-12T22:41:07.695293,2026-04-24T19:23:07.767593,2026-04-24T19:23:36.159986
CUST-00118,Allison Lopez,redwards@example.org,Mcintyreville,KS,US,34617,Paid Search,True,2025-06-04T12:22:51.784546,2026-04-24T19:22:48.874226,2026-04-24T19:23:36.160454
CUST-00119,Benjamin Thompson,heather73@example.org,Osbornmouth,TN,US,46038,EMAIL,True,2025-06-10T13:05:10.899202,2026-04-24T19:23:08.999829,2026-04-24T19:23:36.160870
CUST-00120,Barbara Harris,PATRICIA22@EXAMPLE.COM,East Kristy,AK,US,47804,EMAIL,True,2024-12-22T03:21:39.460539,2026-04-24T19:22:58.134670,2026-04-24T19:23:36.161283
CUST-00121,Mitchell Mendoza,cherylmiller@example.com,Hammondshire,CA,US,16927,ORGANIC SEARCH,True,2026-03-25T13:02:21.094609,2026-04-24T19:23:14.540315,2026-04-24T19:23:36.161757
CUST-00122,Ronald Arnold,howens@example.com,Port Tammy,NE,US,66412,PAID_SEARCH,True,2026-01-16T23:21:13.475958,2026-04-24T19:22:39.324771,2026-04-24T19:23:36.162124
CUST-00123,Michael Reed,HOLMESKEVIN@EXAMPLE.ORG,Meghanview,ID,US,83739,organic,True,2026-03-07T23:32:38.072220,2026-04-24T19:22:52.467062,2026-04-24T19:23:36.162729
CUST-00124,Todd Moore,christina18@example.net,Meganshire,AZ,US,04219,EMAIL,True,2023-07-23T02:03:07.693738,2026-04-24T19:23:32.912811,2026-04-24T19:23:36.163095
CUST-00125,Kathleen Burton,debra96@example.net,Dawnport,NJ,US,32597,organic,True,2025-09-22T19:12:34.653450,2026-04-24T19:23:17.099451,2026-04-24T19:23:36.163456
CUST-00126,John Peterson,SHAWN02@EXAMPLE.COM,West Michelle,MD,US,96734,PAID_SEARCH,True,2026-04-11T16:25:26.614908,2026-04-24T19:22:56.722234,2026-04-24T19:23:36.163883
CUST-00127,Emma Owens,xanderson@example.net,Shannonberg,CT,US,07133,Referral,True,2024-03-08T01:53:41.461877,2026-04-24T19:22:59.048990,2026-04-24T19:23:36.164322
CUST-00128,Michelle Lee,kwright@example.com,South Wendy,NH,US,65874,Paid Search,False,2025-12-13T07:23:51.176250,2026-04-24T19:23:05.842216,2026-04-24T19:23:36.164690
CUST-00129,Harry Williams,LANDRYWILLIAM@EXAMPLE.ORG,Harperfort,LA,US,70846,Paid Search,True,2023-05-04T01:09:24.231281,2026-04-24T19:22:42.449825,2026-04-24T19:23:36.165131
CUST-00130,James Hudson,nicoleluna@example.com,West Angela,CA,US,51140,EMAIL,True,2024-10-28T14:39:13.571912,2026-04-24T19:23:21.864247,2026-04-24T19:23:36.165593
CUST-00131,Brent Brooks,marcia99@example.org,Angelastad,WV,US,19410,social media,True,2023-11-29T04:47:27.107137,2026-04-24T19:23:06.547351,2026-04-24T19:23:36.166036
CUST-00132,Kelly Hernandez,WILLIAMSDERRICK@EXAMPLE.COM,West Sarah,MD,US,21800,Paid Search,True,2024-06-28T15:44:36.990599,2026-04-24T19:23:12.990029,2026-04-24T19:23:36.166491
CUST-00133,Justin Wells Jr.,brittney88@example.net,Emilychester,OR,US,40828,organic,True,2025-09-14T02:35:04.154480,2026-04-24T19:23:19.519453,2026-04-24T19:23:36.166911
CUST-00134,Paula Lane,carlsonjoseph@example.net,New Timothyhaven,SC,US,95027,Social Media,True,2025-03-04T03:28:08.427687,2026-04-24T19:23:26.470027,2026-04-24T19:23:36.167586
CUST-00135,Ashley Smith,LORRAINEALLEN@EXAMPLE.NET,Robertchester,UT,US,27225,Referral,True,2024-07-17T17:54:58.076437,2026-04-24T19:23:22.498338,2026-04-24T19:23:36.168432
CUST-00136,Charles Clark,vsalas@example.net,Whitneyfort,NC,US,49892,ORGANIC SEARCH,True,2024-04-02T20:56:52.957894,2026-04-24T19:22:46.390945,2026-04-24T19:23:36.168837
CUST-00137,David Grant,amy49@example.com,West Kellie,VT,US,27669,Referral,True,2025-05-20T09:32:02.583234,2026-04-24T19:23:05.340185,2026-04-24T19:23:36.169336
CUST-00138,Bryan Rhodes,YBAILEY@EXAMPLE.NET,Huangfurt,GU,US,45738,Paid Search,True,2026-03-06T01:42:50.379381,2026-04-24T19:23:24.276950,2026-04-24T19:23:36.169884
CUST-00139,Nicole Lewis,bobby15@example.com,Sarahview,DC,US,14817,social media,True,2025-02-27T16:44:03.968221,2026-04-24T19:23:11.209830,2026-04-24T19:23:36.170257
CUST-00140,Amy Gutierrez,brentstein@example.org,Garciaberg,AL,US,72636,Paid Search,True,2026-03-31T14:29:19.820024,2026-04-24T19:22:45.476465,2026-04-24T19:23:36.170683
CUST-00141,Matthew Velez,MWOODS@EXAMPLE.COM,Lake Audreyside,WA,US,95281,social media,True,2025-11-11T19:32:48.575460,2026-04-24T19:22:38.237895,2026-04-24T19:23:36.171147
CUST-00142,Jennifer Simpson DVM,robertmonroe@example.org,Nancytown,ME,US,74944,EMAIL,True,2025-02-13T13:39:20.556320,2026-04-24T19:23:31.707291,2026-04-24T19:23:36.171584
CUST-00143,Brandi Gordon,justin88@example.com,Jamesville,MA,US,21799,EMAIL,True,2025-07-04T04:32:54.070323,2026-04-24T19:23:14.897120,2026-04-24T19:23:36.171933
CUST-00144,Nicole Thompson,ALEXISROGERS@EXAMPLE.COM,Wilcoxhaven,MD,US,11869,Referral,True,2024-07-07T06:55:50.781581,2026-04-24T19:22:41.723106,2026-04-24T19:23:36.172353
CUST-00145,David Molina,thomasboyle@example.org,Kevinshire,AL,US,34783,Referral,True,2025-04-10T08:11:49.105674,2026-04-24T19:23:17.566115,2026-04-24T19:23:36.172759
CUST-00146,Jonathan Jacobson,contrerassteven@example.org,Hannahport,MN,US,81061,ORGANIC SEARCH,True,2023-12-23T01:50:38.233526,2026-04-24T19:23:33.441632,2026-04-24T19:23:36.173318
CUST-00147,Michael Durham,VHERNANDEZ@EXAMPLE.NET,Port John,WV,US,78595,PAID_SEARCH,True,2025-12-06T19:10:33.211022,2026-04-24T19:22:40.912218,2026-04-24T19:23:36.173872
CUST-00148,Ashley Poole,xrice@example.org,New Amanda,GA,US,43508,ORGANIC SEARCH,False,2025-11-16T08:45:24.784009,2026-04-24T19:23:02.510433,2026-04-24T19:23:36.174319
CUST-00149,Anthony Anderson,jenniferburns@example.net,Bryantton,OH,US,61105,social media,True,2025-05-01T06:03:46.886186,2026-04-24T19:22:54.490174,2026-04-24T19:23:36.174753
CUST-00150,Benjamin Henderson,FOSTERLISA@EXAMPLE.NET,New Virginialand,NJ,US,04660,Referral,True,2024-03-04T15:48:47.710826,2026-04-24T19:22:46.798880,2026-04-24T19:23:36.175161
CUST-00151,Jacqueline Vance,katiegood@example.net,Kanefurt,MS,US,11019,Social Media,True,2025-05-12T04:03:11.666885,2026-04-24T19:23:15.707552,2026-04-24T19:23:36.175587
CUST-00152,Jenna Anderson DVM,desireebailey@example.org,Port Andrewport,NH,US,88777,PAID_SEARCH,True,2025-06-21T00:19:01.040186,2026-04-24T19:23:01.447682,2026-04-24T19:23:36.176018
CUST-00153,Donald Pineda,PMORROW@EXAMPLE.COM,North Lisachester,RI,US,02551,Paid Search,True,2024-01-13T18:58:41.685149,2026-04-24T19:22:40.037454,2026-04-24T19:23:36.176464
CUST-00154,Andrew Gonzales,griffinemily@example.org,Port Michelle,AR,US,18868,social media,True,2024-10-28T05:11:42.595824,2026-04-24T19:22:53.355807,2026-04-24T19:23:36.176872
CUST-00155,Victoria Boyd,barbara53@example.com,Turnerton,OH,US,78051,organic,True,2025-12-14T00:10:52.255207,2026-04-24T19:23:30.694660,2026-04-24T19:23:36.177296
CUST-00156,Megan Floyd,DPETERS@EXAMPLE.COM,Heatherchester,FL,US,39807,social media,True,2024-06-10T13:59:09.762078,2026-04-24T19:23:21.264966,2026-04-24T19:23:36.177662
CUST-00157,Brianna Ford,oallen@example.com,New Robertchester,OH,US,69968,ORGANIC SEARCH,True,2023-09-19T00:23:08.588490,2026-04-24T19:22:50.571511,2026-04-24T19:23:36.178019
CUST-00158,Anna Hardy,markmiller@example.com,North Joseph,TX,US,79795,ORGANIC SEARCH,True,2025-02-13T17:18:47.231578,2026-04-24T19:23:28.417228,2026-04-24T19:23:36.178425
CUST-00159,Karen Booth,LINDAMATTHEWS@EXAMPLE.NET,Kevintown,IL,US,25407,EMAIL,True,2026-03-14T06:07:12.624834,2026-04-24T19:22:43.038972,2026-04-24T19:23:36.178943
CUST-00160,Jennifer Allen,srocha@example.net,Kimberlyfurt,NH,US,70447,Paid Search,True,2025-04-04T21:42:33.268096,2026-04-24T19:22:54.505337,2026-04-24T19:23:36.179388
CUST-00161,Miranda Gill,william77@example.org,Robinstad,MD,US,54755,PAID_SEARCH,True,2023-06-14T04:18:16.226257,2026-04-24T19:23:27.845090,2026-04-24T19:23:36.179982
CUST-00162,Jennifer Hernandez,ALLENTRAN@EXAMPLE.NET,Jerryshire,MP,US,32709,social media,True,2024-10-23T04:22:33.232523,2026-04-24T19:23:15.276478,2026-04-24T19:23:36.180546
CUST-00163,Robert Jackson,jonathan77@example.com,Whiteside,SD,US,08199,EMAIL,True,2024-11-19T04:25:03.350078,2026-04-24T19:23:26.344110,2026-04-24T19:23:36.181069
CUST-00164,Ryan Hall,landryelizabeth@example.org,North Jeffery,NH,US,49417,social media,True,2023-06-30T07:47:09.704113,2026-04-24T19:23:14.263716,2026-04-24T19:23:36.181537
CUST-00165,Jennifer Smith,BHOPKINS@EXAMPLE.ORG,Amandaport,AK,US,66327,ORGANIC SEARCH,True,2025-10-02T01:55:22.451189,2026-04-24T19:23:16.441977,2026-04-24T19:23:36.181942
CUST-00166,Manuel King,danieldavis@example.org,Josephfurt,CO,US,49397,organic,True,2026-03-11T05:01:12.148115,2026-04-24T19:23:03.539865,2026-04-24T19:23:36.182449
CUST-00167,Angela Frey,veronicaperez@example.net,North Richardfurt,OH,US,62891,PAID_SEARCH,True,2023-06-25T13:46:57.592350,2026-04-24T19:22:36.567010,2026-04-24T19:23:36.182910
CUST-00168,Kylie Hodge,CHRISTOPHERBRUCE@EXAMPLE.NET,New Samanthabury,IL,US,91240,EMAIL,True,2025-12-22T14:21:45.604993,2026-04-24T19:23:04.530017,2026-04-24T19:23:36.183612
CUST-00169,Kristy Johnson,glassgabrielle@example.com,Alexisborough,OR,US,19400,Paid Search,True,2025-07-27T08:20:49.994064,2026-04-24T19:23:18.762684,2026-04-24T19:23:36.184099
CUST-00170,Lacey Atkinson,thickman@example.org,Patrickberg,WY,US,90850,ORGANIC SEARCH,True,2025-06-26T13:38:00.357037,2026-04-24T19:23:06.047571,2026-04-24T19:23:36.184470
CUST-00171,Randy Friedman,BRIAN63@EXAMPLE.ORG,Novakmouth,AK,US,83616,EMAIL,True,2024-02-18T13:51:58.252688,2026-04-24T19:23:35.555153,2026-04-24T19:23:36.184913
CUST-00172,Michael Guerrero,jperez@example.com,Port Christinebury,VT,US,10135,Social Media,True,2023-07-23T23:29:18.517382,2026-04-24T19:22:45.253258,2026-04-24T19:23:36.185360
CUST-00173,Tommy Wallace,jodistewart@example.org,Curtisland,HI,US,56990,EMAIL,True,2024-08-28T21:28:25.332485,2026-04-24T19:23:09.284400,2026-04-24T19:23:36.185977
CUST-00174,Linda Mueller,FGARCIA@EXAMPLE.COM,Smithchester,MS,US,11602,EMAIL,True,2025-06-27T07:31:21.991663,2026-04-24T19:23:09.572193,2026-04-24T19:23:36.186603
CUST-00175,Derrick Adams,ashleyjackson@example.com,North Gary,KY,US,55695,Referral,True,2024-03-18T12:46:38.242088,2026-04-24T19:23:22.959997,2026-04-24T19:23:36.187177
CUST-00176,Judith Taylor,johnathan37@example.net,South Martinfurt,AS,US,43694,Referral,True,2024-08-19T10:46:17.129623,2026-04-24T19:23:01.836973,2026-04-24T19:23:36.187539
CUST-00177,Ernest Oconnell,KEVINMORRISON@EXAMPLE.NET,Kellyfort,OK,US,32276,PAID_SEARCH,True,2024-04-16T04:01:46.329883,2026-04-24T19:22:52.818009,2026-04-24T19:23:36.187954
CUST-00178,Kimberly Maldonado,kdiaz@example.org,Lake Stevenborough,NV,US,38686,organic,True,2025-10-21T22:32:59.860317,2026-04-24T19:22:40.149520,2026-04-24T19:23:36.188313
CUST-00179,David Moore,ichambers@example.net,Mccormickland,NV,US,78873,Paid Search,True,2024-10-01T04:40:27.954210,2026-04-24T19:23:00.048306,2026-04-24T19:23:36.188777
CUST-00180,Robin Wheeler,YSTEPHENS@EXAMPLE.COM,North Kaylastad,GA,US,85304,Referral,True,2025-02-24T09:51:55.688329,2026-04-24T19:23:09.793217,2026-04-24T19:23:36.189259
CUST-00181,Brett Walker,vrasmussen@example.com,South Neil,NH,US,89571,Referral,False,2025-01-29T00:25:06.296969,2026-04-24T19:23:06.027947,2026-04-24T19:23:36.189808
CUST-00182,Vernon Wilson,whitney71@example.com,West Larry,NH,US,27615,PAID_SEARCH,True,2024-11-16T02:00:26.062206,2026-04-24T19:22:56.898018,2026-04-24T19:23:36.190179
CUST-00183,Andrew Page,KIMHEATHER@EXAMPLE.COM,Port Matthewville,TX,US,22043,organic,True,2026-02-07T00:31:43.637597,2026-04-24T19:23:20.429369,2026-04-24T19:23:36.190763
CUST-00184,Crystal Sullivan,andrearivera@example.com,East Danielle,NE,US,52350,Paid Search,True,2023-05-27T01:47:24.932451,2026-04-24T19:23:12.846416,2026-04-24T19:23:36.191209
CUST-00185,Christine Goodwin,shannonjordan@example.org,New Cristianside,HI,US,48446,EMAIL,True,2024-04-16T06:37:27.826827,2026-04-24T19:23:03.453025,2026-04-24T19:23:36.191632
CUST-00186,James Long,EMILY78@EXAMPLE.NET,West Michaelmouth,RI,US,23114,PAID_SEARCH,False,2025-10-02T17:12:08.964144,2026-04-24T19:23:18.359302,2026-04-24T19:23:36.191984
CUST-00187,Bruce Torres,samantha91@example.net,West Heather,NY,US,51417,EMAIL,True,2024-07-26T08:39:26.084408,2026-04-24T19:22:44.272038,2026-04-24T19:23:36.192394
CUST-00188,Tamara Arias,fhenderson@example.net,New Garrett,LA,US,18889,Paid Search,True,2023-11-16T02:17:38.255630,2026-04-24T19:23:26.519113,2026-04-24T19:23:36.192778
CUST-00189,Robert Maynard,GLENNSTEPHANIE@EXAMPLE.COM,Ortizfort,MT,US,93580,organic,True,2025-10-31T08:58:09.208910,2026-04-24T19:23:05.321971,2026-04-24T19:23:36.193246
CUST-00190,Donald Medina,cunninghamlaura@example.org,Port Stephen,WA,US,65422,Paid Search,True,2024-12-17T10:24:27.249693,2026-04-24T19:22:42.792660,2026-04-24T19:23:36.193746
CUST-00191,Nicole Wolf,adamsamy@example.com,Paynechester,CT,US,96968,Referral,True,2025-10-20T14:42:05.585548,2026-04-24T19:23:21.080730,2026-04-24T19:23:36.194179
CUST-00192,Robert Gonzales,NANCY07@EXAMPLE.COM,Port Lisaborough,AS,US,97181,PAID_SEARCH,True,2025-01-28T06:54:10.339531,2026-04-24T19:22:57.037850,2026-04-24T19:23:36.194521
CUST-00193,Renee Hudson,imartin@example.org,Candiceburgh,MD,US,92782,Referral,True,2024-03-10T17:36:18.162406,2026-04-24T19:23:10.364135,2026-04-24T19:23:36.194936
CUST-00194,Wendy Camacho,taylorkaren@example.com,Lake Michelle,IA,US,19669,EMAIL,True,2025-06-12T13:51:03.626042,2026-04-24T19:23:25.708908,2026-04-24T19:23:36.195364
CUST-00195,Jason Hayes,KBURNS@EXAMPLE.NET,South Zacharyview,UT,US,48875,PAID_SEARCH,True,2024-09-04T07:21:52.392832,2026-04-24T19:23:05.282669,2026-04-24T19:23:36.195748
CUST-00196,Judy Beck,meltonmelanie@example.org,Melissaside,MO,US,29052,social media,True,2026-03-20T21:14:43.958808,2026-04-24T19:23:25.490859,2026-04-24T19:23:36.196524
CUST-00197,Bianca Phelps,sadams@example.com,Patriciaton,AZ,US,13552,Referral,True,2025-03-11T04:55:16.037068,2026-04-24T19:23:26.202131,2026-04-24T19:23:36.197358
CUST-00198,William Patterson,MARTINEZMIA@EXAMPLE.COM,Lake Kevin,VI,US,36417,ORGANIC SEARCH,True,2023-08-05T08:41:58.149361,2026-04-24T19:22:57.626123,2026-04-24T19:23:36.198500
CUST-00199,Mario Barber,watsonrebecca@example.org,South Diana,VT,US,12976,EMAIL,True,2023-04-26T06:40:48.531268,2026-04-24T19:23:04.608402,2026-04-24T19:23:36.199306
CUST-00200,Michael Montoya,brittneystone@example.com,Bensonfort,CA,US,30509,organic,True,2024-06-17T19:48:14.558074,2026-04-24T19:23:19.845803,2026-04-24T19:23:36.199765
CUST-00201,Raymond Mullins,GARCIAMICHAEL@EXAMPLE.COM,Lake Victoria,FL,US,09467,Social Media,True,2024-11-26T09:01:45.055899,2026-04-24T19:22:36.508485,2026-04-24T19:23:36.200185
CUST-00202,Tamara Jensen,scottbowen@example.net,Heathland,MH,US,13669,Social Media,True,2023-09-25T12:04:32.834926,2026-04-24T19:22:43.389433,2026-04-24T19:23:36.200616
CUST-00203,Danielle Newman,bbell@example.com,New Carolyn,VA,US,80139,social media,True,2024-03-02T06:45:03.251579,2026-04-24T19:23:32.476755,2026-04-24T19:23:36.200967
CUST-00204,Lawrence Lopez,ABBOTTDOMINIQUE@EXAMPLE.COM,Phillipston,WY,US,31871,Referral,True,2024-10-18T08:18:21.690412,2026-04-24T19:22:42.764620,2026-04-24T19:23:36.201390
CUST-00205,Alexandria Ward,elittle@example.net,Davidshire,MT,US,48396,organic,True,2024-12-13T17:47:12.318066,2026-04-24T19:22:46.366219,2026-04-24T19:23:36.201777
CUST-00206,Austin Baker,xbest@example.org,North Stacyfurt,NY,US,38051,EMAIL,True,2025-03-13T19:48:08.824518,2026-04-24T19:23:06.062938,2026-04-24T19:23:36.202165
CUST-00207,Kimberly Hernandez,ZHENDERSON@EXAMPLE.ORG,West Christianborough,AS,US,20866,EMAIL,True,2024-12-02T19:42:25.053191,2026-04-24T19:22:59.443890,2026-04-24T19:23:36.202553
CUST-00208,Brandon Hamilton,collinssamuel@example.org,Salazarton,ME,US,87805,social media,False,2025-07-15T18:37:22.273118,2026-04-24T19:23:20.439491,2026-04-24T19:23:36.203016
CUST-00209,Troy Mills,smithderrick@example.org,Garyberg,WA,US,35728,EMAIL,True,2025-07-06T04:19:12.215840,2026-04-24T19:22:43.083403,2026-04-24T19:23:36.203419
CUST-00210,Michael Ray,ROGERSRUBEN@EXAMPLE.NET,South Spencerstad,AR,US,65985,Paid Search,True,2025-11-21T16:55:25.812271,2026-04-24T19:22:46.012884,2026-04-24T19:23:36.203819
CUST-00211,Ashley Yang,jonathangarcia@example.net,North Micheletown,IA,US,06527,EMAIL,True,2024-09-23T00:13:51.516484,2026-04-24T19:22:58.978768,2026-04-24T19:23:36.204220
CUST-00212,Suzanne Yang,haroldhorne@example.org,Walkerbury,MT,US,94910,PAID_SEARCH,True,2024-04-09T15:31:54.823620,2026-04-24T19:23:25.559820,2026-04-24T19:23:36.204632
CUST-00213,Vicki Finley,DAVID02@EXAMPLE.ORG,South Michelleport,MD,US,11823,EMAIL,True,2024-12-21T02:54:12.252856,2026-04-24T19:22:36.478150,2026-04-24T19:23:36.205184
CUST-00214,Julie Vargas,kellymueller@example.net,Cuevasborough,VA,US,72139,ORGANIC SEARCH,True,2025-08-05T08:42:52.349224,2026-04-24T19:22:50.707613,2026-04-24T19:23:36.205723
CUST-00215,Ryan Wiley,randolphandrew@example.net,Aaronfurt,PR,US,97242,Paid Search,True,2025-06-29T21:52:43.373835,2026-04-24T19:22:42.236941,2026-04-24T19:23:36.206184
CUST-00216,Anna Morse,ROBERTWOODWARD@EXAMPLE.ORG,Haynesstad,NH,US,98529,EMAIL,True,2023-07-27T02:48:52.431844,2026-04-24T19:22:41.734620,2026-04-24T19:23:36.206614
CUST-00217,Jessica Brandt,danafoster@example.net,West Jose,MD,US,52006,Social Media,True,2025-05-31T21:16:44.857850,2026-04-24T19:23:20.121172,2026-04-24T19:23:36.207097
CUST-00218,Randy Rodriguez,shawn31@example.org,East Shannonmouth,MT,US,16326,EMAIL,True,2024-12-02T07:27:44.379186,2026-04-24T19:23:33.878083,2026-04-24T19:23:36.207574
CUST-00219,Robert Torres,SHANNONFORD@EXAMPLE.ORG,East Marymouth,FL,US,12456,Paid Search,True,2025-06-12T07:36:24.146946,2026-04-24T19:23:34.104000,2026-04-24T19:23:36.208004
CUST-00220,William Johnson,rpalmer@example.com,Bondside,WA,US,72606,Social Media,True,2024-01-23T20:33:13.291923,2026-04-24T19:23:03.722595,2026-04-24T19:23:36.208399
CUST-00221,Rodney Watson,davidbrown@example.org,New Brendaland,AK,US,08951,organic,True,2023-11-27T18:24:21.642006,2026-04-24T19:23:14.759214,2026-04-24T19:23:36.208811
CUST-00222,Tom Williams,CHRISTOPHERBOONE@EXAMPLE.COM,Underwoodfurt,NM,US,04365,Social Media,True,2024-06-17T10:51:00.593119,2026-04-24T19:23:01.599841,2026-04-24T19:23:36.209370
CUST-00223,Charles Mendez,jason24@example.com,Lake Kenneth,MT,US,72680,PAID_SEARCH,True,2024-09-30T23:18:57.035905,2026-04-24T19:22:41.263293,2026-04-24T19:23:36.209770
CUST-00224,Kelly Mccoy,mtaylor@example.net,South Kimberlystad,NJ,US,71872,Social Media,True,2025-08-28T07:43:05.121842,2026-04-24T19:22:56.642047,2026-04-24T19:23:36.210137
CUST-00225,Alyssa Cochran,PAUL20@EXAMPLE.COM,Brianfort,NC,US,47350,Social Media,True,2025-08-12T07:57:49.579828,2026-04-24T19:23:35.976345,2026-04-24T19:23:36.210477
CUST-00226,Raven Mclaughlin,craigsandoval@example.com,New Meghan,AS,US,51412,EMAIL,True,2024-05-17T20:30:15.265370,2026-04-24T19:23:26.353335,2026-04-24T19:23:36.210969
CUST-00227,Suzanne Johnson,gregorywatkins@example.net,Staceyshire,FL,US,74308,Referral,True,2026-02-27T05:36:34.825903,2026-04-24T19:23:26.201810,2026-04-24T19:23:36.211414
CUST-00228,Anthony Guzman,LWEAVER@EXAMPLE.COM,New Timothymouth,PW,US,80996,Social Media,True,2023-12-01T20:04:30.988676,2026-04-24T19:22:43.829373,2026-04-24T19:23:36.211783
CUST-00229,Charles Bush,samantharichard@example.com,Port Daniel,NC,US,48327,Referral,True,2026-03-12T14:10:47.051301,2026-04-24T19:22:58.415447,2026-04-24T19:23:36.212182
CUST-00230,William Oconnor,vwillis@example.com,Connerfort,SD,US,42087,Referral,True,2023-11-01T23:10:00.641355,2026-04-24T19:23:34.124574,2026-04-24T19:23:36.212554
CUST-00231,Michael Anderson,JEFFREY92@EXAMPLE.COM,Lake Stacyfurt,PR,US,74882,organic,True,2023-05-30T13:41:27.065553,2026-04-24T19:23:12.143320,2026-04-24T19:23:36.213251
CUST-00232,Patrick Young,daniellegarcia@example.com,Garyland,GU,US,93426,Paid Search,True,2025-04-28T05:55:33.311004,2026-04-24T19:23:19.757157,2026-04-24T19:23:36.214101
CUST-00233,Hayley Buchanan,sean43@example.org,North Paulchester,GA,US,54767,EMAIL,True,2024-10-16T08:49:13.298304,2026-04-24T19:22:58.722754,2026-04-24T19:23:36.214834
CUST-00234,Melissa Martin,EGARCIA@EXAMPLE.NET,Port Meganport,AK,US,42275,social media,True,2024-02-05T05:03:26.950922,2026-04-24T19:22:42.283503,2026-04-24T19:23:36.215672
CUST-00235,Tom Spence,george62@example.net,Brookefort,VT,US,04563,Paid Search,True,2024-08-09T16:44:11.879442,2026-04-24T19:23:15.218111,2026-04-24T19:23:36.216075
CUST-00236,Colton Terry,gmoore@example.com,Donnaport,IA,US,13072,organic,True,2023-06-18T11:23:22.738501,2026-04-24T19:23:10.306189,2026-04-24T19:23:36.216442
CUST-00237,Edward Stanley,XHERNANDEZ@EXAMPLE.ORG,Gonzaleztown,IL,US,22892,PAID_SEARCH,True,2025-03-24T08:46:52.146807,2026-04-24T19:23:34.623462,2026-04-24T19:23:36.216814
CUST-00238,Steven Baker,tanthony@example.com,Lopezfurt,MN,US,24956,PAID_SEARCH,True,2024-08-25T12:46:58.860852,2026-04-24T19:22:51.797758,2026-04-24T19:23:36.217180
CUST-00239,Paul Contreras,rbaker@example.net,Lake Mauriceside,MT,US,99651,ORGANIC SEARCH,True,2025-01-30T06:18:17.572396,2026-04-24T19:23:09.216114,2026-04-24T19:23:36.217542
CUST-00240,Taylor Armstrong,ACARDENAS@EXAMPLE.NET,South Kent,MO,US,94126,PAID_SEARCH,True,2023-06-02T03:22:39.624871,2026-04-24T19:23:10.273196,2026-04-24T19:23:36.217891
CUST-00241,Carol Lewis,davidtodd@example.org,East Brad,CO,US,90039,organic,True,2024-08-14T03:45:50.992763,2026-04-24T19:23:35.836154,2026-04-24T19:23:36.218295
CUST-00242,Andrea Hughes,maryscott@example.net,Arnoldview,NC,US,60552,PAID_SEARCH,True,2026-01-24T00:57:41.833813,2026-04-24T19:22:36.741828,2026-04-24T19:23:36.218714
CUST-00243,Lauren Hanna,JRODRIGUEZ@EXAMPLE.ORG,North Annaville,WY,US,37999,PAID_SEARCH,True,2025-11-30T14:20:19.985669,2026-04-24T19:23:28.808147,2026-04-24T19:23:36.219109
CUST-00244,Kara Jackson,pbaker@example.com,Thomasfurt,AZ,US,52378,EMAIL,True,2025-12-24T19:28:50.488246,2026-04-24T19:22:55.889645,2026-04-24T19:23:36.219491
CUST-00245,Alicia Roth,brandonalvarez@example.com,Larryfort,PR,US,91751,Referral,True,2025-05-14T11:50:50.766945,2026-04-24T19:23:34.349799,2026-04-24T19:23:36.219918
CUST-00246,Erica Daniel,DENNISMCCANN@EXAMPLE.COM,East Scottchester,WA,US,64000,ORGANIC SEARCH,True,2025-08-04T06:42:30.664078,2026-04-24T19:23:28.031338,2026-04-24T19:23:36.220472
CUST-00247,Jennifer Deleon,robertsonerik@example.com,East Jamesborough,MP,US,08054,PAID_SEARCH,True,2024-01-23T11:01:27.964128,2026-04-24T19:23:03.386920,2026-04-24T19:23:36.221066
CUST-00248,Madison Martinez,janet45@example.com,East Nathanmouth,HI,US,62705,Social Media,True,2025-01-27T03:27:27.976428,2026-04-24T19:22:56.985594,2026-04-24T19:23:36.221605
CUST-00249,Alexander Williams,MARYGREEN@EXAMPLE.NET,Port Jeffrey,IN,US,89327,ORGANIC SEARCH,True,2023-12-07T14:34:21.055593,2026-04-24T19:23:15.095240,2026-04-24T19:23:36.222115
CUST-00250,Thomas Holland,hancocktammy@example.net,East Johnnyport,VT,US,93479,ORGANIC SEARCH,True,2025-03-29T08:25:28.395406,2026-04-24T19:23:01.428408,2026-04-24T19:23:36.222527
CUST-00251,Eric Meyer,dyork@example.com,Silvatown,NY,US,87317,PAID_SEARCH,True,2026-03-19T02:02:09.014009,2026-04-24T19:23:26.362705,2026-04-24T19:23:36.222896
CUST-00252,Donald Nguyen,KENNETH17@EXAMPLE.ORG,Joseport,ID,US,20152,Social Media,True,2024-11-11T21:31:08.306276,2026-04-24T19:22:50.418125,2026-04-24T19:23:36.223227
CUST-00253,Francisco Taylor,trujilloleah@example.net,Lake Tylerport,KS,US,55363,Referral,True,2024-07-11T09:57:25.235065,2026-04-24T19:23:20.203926,2026-04-24T19:23:36.223623
CUST-00254,Rachel Knox,matthewreeves@example.net,Williamburgh,MP,US,86695,EMAIL,True,2025-12-10T11:31:38.954896,2026-04-24T19:22:46.868151,2026-04-24T19:23:36.224194
CUST-00255,Pamela White,RUIZJOYCE@EXAMPLE.NET,Destinybury,MI,US,29773,organic,True,2025-07-18T12:47:52.153953,2026-04-24T19:22:54.425116,2026-04-24T19:23:36.224645
CUST-00256,Julie Delacruz,nathan94@example.com,South Pamelahaven,DE,US,89721,PAID_SEARCH,True,2024-06-16T06:58:09.526039,2026-04-24T19:22:53.901345,2026-04-24T19:23:36.224992
CUST-00257,William Orozco,pittsedward@example.org,Thomasburgh,WI,US,11093,PAID_SEARCH,True,2024-10-10T08:09:18.828938,2026-04-24T19:23:13.861966,2026-04-24T19:23:36.225416
CUST-00258,Philip Jackson,LAWRENCEBROWN@EXAMPLE.COM,South Kristen,WI,US,12040,Paid Search,True,2023-09-13T21:08:09.155071,2026-04-24T19:23:02.022685,2026-04-24T19:23:36.225929
CUST-00259,Joseph Cross,epowell@example.com,West Katherinehaven,ID,US,02849,ORGANIC SEARCH,True,2025-05-05T14:44:14.731297,2026-04-24T19:23:13.601216,2026-04-24T19:23:36.226304
CUST-00260,James Chapman,jeremywiley@example.com,North Madison,ME,US,38620,organic,True,2024-09-05T15:43:39.431153,2026-04-24T19:23:07.217305,2026-04-24T19:23:36.226782
CUST-00261,Colin Vaughan,RYAN25@EXAMPLE.COM,Smithbury,VA,US,17698,Paid Search,True,2023-12-12T11:50:18.251029,2026-04-24T19:22:37.314796,2026-04-24T19:23:36.227240
CUST-00262,Martin Wise,daviddawson@example.org,New Virginiaville,SD,US,03088,ORGANIC SEARCH,True,2023-06-16T22:33:47.935082,2026-04-24T19:22:42.947390,2026-04-24T19:23:36.227652
CUST-00263,Christian Neal,jjames@example.com,West Robertville,TN,US,68698,EMAIL,True,2024-02-14T21:46:24.703304,2026-04-24T19:23:12.338060,2026-04-24T19:23:36.228006
CUST-00264,Autumn Wilson,ROBERTROACH@EXAMPLE.NET,South Jamesborough,WI,US,34972,ORGANIC SEARCH,True,2025-10-22T04:15:24.399235,2026-04-24T19:23:34.387183,2026-04-24T19:23:36.228406
CUST-00265,Susan Watts,jade42@example.org,Riveratown,AL,US,88533,EMAIL,True,2023-07-31T14:38:39.990454,2026-04-24T19:22:42.625855,2026-04-24T19:23:36.228991
CUST-00266,Nathaniel Conway,fhernandez@example.net,South Vanessa,LA,US,35120,Paid Search,True,2024-09-14T19:20:14.122595,2026-04-24T19:22:41.988535,2026-04-24T19:23:36.230100
CUST-00267,Emily Rodgers,MORGANPHELPS@EXAMPLE.COM,Port Katherineton,AL,US,18640,EMAIL,True,2025-04-20T22:32:06.629102,2026-04-24T19:22:46.230736,2026-04-24T19:23:36.230715
CUST-00268,Robert White,patricia94@example.net,Rossmouth,KY,US,51057,Referral,True,2025-05-20T00:39:33.262560,2026-04-24T19:23:04.694701,2026-04-24T19:23:36.231094
CUST-00269,Michael Brown,zbanks@example.org,North Robert,OR,US,63766,social media,True,2025-09-20T03:28:53.840737,2026-04-24T19:23:16.703588,2026-04-24T19:23:36.231459
CUST-00270,Michael Roberson,CHERYLMAXWELL@EXAMPLE.NET,South Samantha,DE,US,54408,Paid Search,True,2024-08-19T22:59:54.846260,2026-04-24T19:22:39.800163,2026-04-24T19:23:36.231992
CUST-00271,Vanessa Santiago,alexander89@example.net,Aprilville,NE,US,87233,social media,True,2025-06-29T07:04:17.395177,2026-04-24T19:23:04.915781,2026-04-24T19:23:36.232358
CUST-00272,Mason Moore,jhernandez@example.net,Christianburgh,CA,US,98992,Paid Search,True,2024-10-14T19:06:33.245439,2026-04-24T19:22:50.453509,2026-04-24T19:23:36.232747
CUST-00273,Robert Miller,BRENT38@EXAMPLE.NET,Solismouth,CO,US,65834,Referral,True,2024-08-26T22:46:53.078321,2026-04-24T19:22:43.122411,2026-04-24T19:23:36.233100
CUST-00274,Andrew Dunn,bmcgee@example.org,Port Cassandraport,FM,US,67129,PAID_SEARCH,True,2024-12-31T05:55:15.825358,2026-04-24T19:23:15.275759,2026-04-24T19:23:36.233450
CUST-00275,Sarah Rivera,xclements@example.org,Moranstad,VT,US,59815,EMAIL,True,2023-08-28T00:36:56.210995,2026-04-24T19:23:21.559197,2026-04-24T19:23:36.233819
CUST-00276,Dorothy Boyd,AARONKELLY@EXAMPLE.NET,North Pennyfort,DC,US,94460,EMAIL,True,2025-07-16T16:07:03.883533,2026-04-24T19:23:00.552645,2026-04-24T19:23:36.234227
CUST-00277,Roger Lee,cheryl31@example.com,Danielchester,AZ,US,83501,Referral,True,2025-10-28T17:11:00.647847,2026-04-24T19:23:11.328666,2026-04-24T19:23:36.234663
CUST-00278,Jonathan Moreno,lellis@example.net,New Savannahshire,NJ,US,67129,Paid Search,True,2025-08-27T22:25:08.928799,2026-04-24T19:23:30.610889,2026-04-24T19:23:36.235379
CUST-00279,Lisa Morris,JESSICAANDERSON@EXAMPLE.COM,Barnesbury,KY,US,52650,ORGANIC SEARCH,True,2026-03-15T21:59:10.823986,2026-04-24T19:23:34.229499,2026-04-24T19:23:36.236003
CUST-00280,Stacey Hunt,iballard@example.com,Jenniferside,SC,US,28988,PAID_SEARCH,True,2023-12-01T04:56:47.155324,2026-04-24T19:23:13.450055,2026-04-24T19:23:36.236379
CUST-00281,Mallory Page,glenda22@example.net,Annashire,OK,US,87946,Paid Search,True,2025-06-11T04:25:17.291301,2026-04-24T19:23:16.454609,2026-04-24T19:23:36.236748
CUST-00282,James Brown,NATALIE60@EXAMPLE.NET,East Josephburgh,LA,US,90074,organic,False,2024-01-24T15:10:55.659095,2026-04-24T19:23:26.362909,2026-04-24T19:23:36.237252
CUST-00283,Ashley Parrish,james80@example.com,Lake Deborah,MS,US,31643,PAID_SEARCH,True,2024-11-04T21:58:18.105782,2026-04-24T19:23:23.810019,2026-04-24T19:23:36.237754
CUST-00284,Richard Jennings,heather06@example.com,North Juliaborough,RI,US,58574,Paid Search,True,2025-10-20T12:24:27.074249,2026-04-24T19:23:30.689183,2026-04-24T19:23:36.238122
CUST-00285,Tracey Phillips,KARI89@EXAMPLE.ORG,Lake Charles,HI,US,96849,organic,True,2024-11-08T02:52:45.601503,2026-04-24T19:22:58.631894,2026-04-24T19:23:36.238461
CUST-00286,Ryan Smith,qramirez@example.org,Mckinneyberg,AZ,US,20647,Social Media,True,2026-02-05T14:29:40.771908,2026-04-24T19:23:11.812820,2026-04-24T19:23:36.238826
CUST-00287,Michael Fox,tracy98@example.com,New Carlos,NY,US,21390,PAID_SEARCH,True,2024-07-23T19:58:00.405570,2026-04-24T19:23:08.222157,2026-04-24T19:23:36.239162
CUST-00288,Isaac Robinson,BAILEYNICOLE@EXAMPLE.NET,Barajastown,DE,US,88180,Referral,True,2024-05-08T05:09:29.431271,2026-04-24T19:22:50.420873,2026-04-24T19:23:36.239583
CUST-00289,Robert Wilson,susanfleming@example.com,Amberport,AK,US,68247,Social Media,True,2025-10-11T21:19:54.783739,2026-04-24T19:22:58.497483,2026-04-24T19:23:36.239975
CUST-00290,Jose Vaughan,stucker@example.net,Port Amanda,AL,US,82674,Referral,True,2023-07-05T19:50:35.088389,2026-04-24T19:23:16.220108,2026-04-24T19:23:36.240326
CUST-00291,Ronald Johns,MICHELLECOLEMAN@EXAMPLE.ORG,Lucasland,WA,US,90422,EMAIL,True,2023-10-10T13:26:16.580872,2026-04-24T19:23:03.553514,2026-04-24T19:23:36.240903
CUST-00292,Kristin Andrews,benjamin10@example.org,West Rickey,NV,US,83104,Paid Search,True,2024-07-11T05:59:21.978381,2026-04-24T19:22:54.984255,2026-04-24T19:23:36.241264
CUST-00293,Lisa Avila,inunez@example.org,Lake Melaniestad,NY,US,14412,Social Media,True,2024-03-07T16:01:21.707534,2026-04-24T19:23:17.152719,2026-04-24T19:23:36.241633
CUST-00294,Matthew Wells,CAMPBELLSARA@EXAMPLE.COM,East Julie,WY,US,72030,Social Media,True,2024-03-13T07:14:23.346693,2026-04-24T19:23:14.042740,2026-04-24T19:23:36.242048
CUST-00295,Brenda Williams,erica50@example.net,Medinaland,ME,US,28033,PAID_SEARCH,True,2025-07-23T00:15:56.613888,2026-04-24T19:23:30.212783,2026-04-24T19:23:36.242496
CUST-00296,Luis King,jason82@example.org,East Emilyshire,PR,US,07629,Social Media,True,2025-11-12T23:16:49.687402,2026-04-24T19:23:31.942192,2026-04-24T19:23:36.243029
CUST-00297,Danielle Gonzalez,ENEWMAN@EXAMPLE.COM,Lynnstad,DC,US,88489,social media,True,2025-04-12T07:15:32.092582,2026-04-24T19:22:42.002703,2026-04-24T19:23:36.243428
CUST-00298,Matthew Steele,mcculloughlouis@example.com,New Ashley,AS,US,41963,organic,True,2026-03-10T12:13:10.020586,2026-04-24T19:22:46.118371,2026-04-24T19:23:36.243829
CUST-00299,Brandy Quinn,john36@example.com,Fordstad,WI,US,40539,organic,True,2024-10-09T16:07:40.847046,2026-04-24T19:22:42.529958,2026-04-24T19:23:36.244182
CUST-00300,Christina Gross,WILKINSONMICHELE@EXAMPLE.ORG,Lake Charlestown,PR,US,66977,Referral,True,2025-03-17T04:09:41.711368,2026-04-24T19:23:24.758544,2026-04-24T19:23:36.244595
CUST-00301,Kimberly Lutz,nhammond@example.org,Valdezberg,MN,US,51946,EMAIL,True,2023-12-25T18:28:01.379982,2026-04-24T19:23:22.328691,2026-04-24T19:23:36.245257
CUST-00302,Jonathan Bates,dennis88@example.org,Port Willie,NV,US,21370,PAID_SEARCH,True,2023-11-07T09:08:29.074116,2026-04-24T19:23:32.922710,2026-04-24T19:23:36.245834
CUST-00303,Philip Hall,JILLWEBB@EXAMPLE.COM,Miketon,TN,US,27603,EMAIL,True,2024-11-12T13:04:39.351624,2026-04-24T19:23:23.487628,2026-04-24T19:23:36.246335
CUST-00304,Matthew Garcia,dharrison@example.org,Maryview,OR,US,71850,Social Media,True,2025-01-08T19:45:53.956808,2026-04-24T19:22:58.599574,2026-04-24T19:23:36.246761
CUST-00305,Jamie Solomon,pdiaz@example.org,Gomezstad,NM,US,63692,ORGANIC SEARCH,True,2025-12-22T04:18:27.194212,2026-04-24T19:22:36.395861,2026-04-24T19:23:36.247505
CUST-00306,Christine Lopez,SCOTTHALL@EXAMPLE.NET,Carolynville,TN,US,30692,EMAIL,True,2024-07-22T09:19:06.930779,2026-04-24T19:22:55.813486,2026-04-24T19:23:36.247938
CUST-00307,Maria Jenkins,olsontimothy@example.org,North David,OR,US,21620,EMAIL,True,2023-09-19T16:59:13.563331,2026-04-24T19:23:06.758569,2026-04-24T19:23:36.248552
CUST-00308,Jennifer Costa,brianscott@example.org,Lake Jessicaport,CO,US,28890,organic,True,2024-08-29T06:55:56.726611,2026-04-24T19:23:35.566550,2026-04-24T19:23:36.249086
CUST-00309,Kevin Saunders,AJACKSON@EXAMPLE.NET,Garymouth,NH,US,78689,organic,True,2025-01-31T05:10:17.869768,2026-04-24T19:22:49.788827,2026-04-24T19:23:36.249465
CUST-00310,Susan Cohen,banderson@example.org,New Cole,NJ,US,81077,organic,True,2025-02-10T07:34:28.922189,2026-04-24T19:23:28.665158,2026-04-24T19:23:36.249830
CUST-00311,April Pace,davisdonna@example.net,Boydstad,VI,US,06194,Social Media,True,2025-05-28T12:12:35.803039,2026-04-24T19:23:01.737376,2026-04-24T19:23:36.250258
CUST-00312,Natalie Juarez,YCLARKE@EXAMPLE.COM,South Dennisfort,WI,US,30976,Referral,True,2026-01-16T06:52:03.409101,2026-04-24T19:22:41.029055,2026-04-24T19:23:36.250618
CUST-00313,Adrienne Mills,ascott@example.net,South Diamondmouth,MT,US,47984,EMAIL,True,2023-08-19T20:57:36.875586,2026-04-24T19:23:01.564295,2026-04-24T19:23:36.250982
CUST-00314,Donald Becker,jose86@example.net,South Andrea,OH,US,63739,social media,True,2023-11-06T21:56:58.777346,2026-04-24T19:23:09.545630,2026-04-24T19:23:36.251316
CUST-00315,Michael Fitzgerald,TKING@EXAMPLE.NET,Lake Jerryburgh,CT,US,28610,Social Media,True,2024-11-02T02:09:26.461679,2026-04-24T19:23:23.164867,2026-04-24T19:23:36.251668
CUST-00316,Samantha Ruiz,martintamara@example.org,Davisview,IN,US,49107,Referral,True,2023-07-21T18:56:21.718873,2026-04-24T19:22:38.265320,2026-04-24T19:23:36.252165
CUST-00317,Donna Stuart,zarias@example.net,Port Lorifort,NV,US,01904,EMAIL,True,2023-12-02T02:27:42.529117,2026-04-24T19:23:15.413053,2026-04-24T19:23:36.252535
CUST-00318,Lisa Craig,JAMES98@EXAMPLE.NET,Johntown,GA,US,11883,organic,True,2026-04-21T07:40:34.535059,2026-04-24T19:23:22.780373,2026-04-24T19:23:36.254549
CUST-00319,Nancy Jones,elizabeth69@example.org,New Justinside,PW,US,76907,ORGANIC SEARCH,True,2024-05-10T12:03:56.669758,2026-04-24T19:23:33.797260,2026-04-24T19:23:36.255279
CUST-00320,Debbie Russell,jeremy37@example.com,New Charlesport,MA,US,15837,social media,True,2025-09-20T21:17:48.939777,2026-04-24T19:23:33.402561,2026-04-24T19:23:36.255641
CUST-00321,Nina Ali,HEATHER69@EXAMPLE.COM,Maldonadoshire,VI,US,04085,ORGANIC SEARCH,True,2024-10-04T04:36:34.574357,2026-04-24T19:22:51.469186,2026-04-24T19:23:36.255996
CUST-00322,Rebecca Gutierrez,oschultz@example.net,Zacharytown,UT,US,35018,social media,True,2024-01-22T02:36:32.620434,2026-04-24T19:22:41.580566,2026-04-24T19:23:36.256470
CUST-00323,Steven Adams,charles27@example.com,South Jillian,IA,US,96895,Social Media,True,2024-01-15T07:32:14.368747,2026-04-24T19:22:51.924322,2026-04-24T19:23:36.256833
CUST-00324,Richard Wilson,JAMESWRIGHT@EXAMPLE.NET,Lake Stephaniefort,RI,US,01369,ORGANIC SEARCH,True,2025-08-09T11:38:40.718349,2026-04-24T19:23:08.488437,2026-04-24T19:23:36.257244
CUST-00325,William Prince PhD,charlesnathan@example.com,Whitehaven,KY,US,52651,Social Media,True,2023-12-24T10:32:44.643898,2026-04-24T19:23:10.599911,2026-04-24T19:23:36.257836
CUST-00326,Gregory Dalton,foxrodney@example.net,South Tiffany,UT,US,68423,organic,True,2024-09-10T04:42:38.850143,2026-04-24T19:23:17.352633,2026-04-24T19:23:36.258241
CUST-00327,Louis Green,CRAIGNICOLAS@EXAMPLE.ORG,Joelfort,RI,US,45471,ORGANIC SEARCH,True,2024-05-30T00:55:01.543487,2026-04-24T19:23:05.926201,2026-04-24T19:23:36.258641
CUST-00328,Diana White,robertgoodwin@example.com,New Gina,GU,US,13591,Social Media,True,2025-06-22T21:35:14.223500,2026-04-24T19:23:24.245255,2026-04-24T19:23:36.259213
CUST-00329,Nancy Kennedy,mchase@example.org,East Robertberg,MH,US,83161,Paid Search,True,2024-11-11T13:58:54.832756,2026-04-24T19:23:19.233620,2026-04-24T19:23:36.259624
CUST-00330,Brett Martin,JEVANS@EXAMPLE.NET,Port Jonathan,MP,US,83058,Paid Search,True,2023-08-08T14:35:21.877055,2026-04-24T19:23:20.675593,2026-04-24T19:23:36.259976
CUST-00331,Jason Bell,michael88@example.com,New Barbara,SD,US,71075,ORGANIC SEARCH,True,2023-11-02T08:00:25.410255,2026-04-24T19:23:22.818546,2026-04-24T19:23:36.260369
CUST-00332,Blake Austin,mark87@example.net,Welchberg,VI,US,22465,Referral,True,2025-03-26T23:37:53.198150,2026-04-24T19:23:31.714000,2026-04-24T19:23:36.260796
CUST-00333,Andrea Martin,KWELCH@EXAMPLE.COM,West Logan,LA,US,93618,EMAIL,True,2024-02-12T03:54:18.829637,2026-04-24T19:23:14.678658,2026-04-24T19:23:36.261432
CUST-00334,Jennifer White,pam59@example.net,East Jessicaview,WA,US,92342,PAID_SEARCH,True,2025-07-24T14:12:59.855235,2026-04-24T19:22:48.634290,2026-04-24T19:23:36.261963
CUST-00335,Allison Sanders,egarcia@example.com,North Joseberg,CO,US,86331,EMAIL,True,2026-02-08T20:22:11.434593,2026-04-24T19:22:59.390773,2026-04-24T19:23:36.262359
CUST-00336,Joseph Jackson,JOHNMITCHELL@EXAMPLE.NET,Lake Michaelmouth,VI,US,62911,PAID_SEARCH,True,2024-09-18T00:01:23.580922,2026-04-24T19:23:28.253896,2026-04-24T19:23:36.262771
CUST-00337,Joyce Curry,amy28@example.org,Millsside,ME,US,46005,Social Media,True,2024-10-03T20:14:04.085868,2026-04-24T19:22:49.627707,2026-04-24T19:23:36.263135
CUST-00338,Adam Mills,ramosmichael@example.com,West Justin,ND,US,01591,PAID_SEARCH,True,2025-05-17T16:34:52.258817,2026-04-24T19:23:05.515899,2026-04-24T19:23:36.263594
CUST-00339,Linda Robles,XEVANS@EXAMPLE.COM,Jacobside,NE,US,52241,ORGANIC SEARCH,True,2024-01-23T21:41:50.454024,2026-04-24T19:23:18.896279,2026-04-24T19:23:36.264118
CUST-00340,Mario Black,oclayton@example.com,Justinside,AS,US,35736,Paid Search,True,2024-07-20T12:21:19.099283,2026-04-24T19:23:27.208921,2026-04-24T19:23:36.264595
CUST-00341,Denise Dean,derrickrodriguez@example.com,West Andrew,AR,US,70620,EMAIL,True,2023-05-19T08:05:42.216588,2026-04-24T19:23:34.339956,2026-04-24T19:23:36.265016
CUST-00342,Adrian Robinson,JOSEPH70@EXAMPLE.ORG,Collinsfort,MN,US,61277,Referral,True,2025-05-27T17:35:28.924239,2026-04-24T19:22:37.904227,2026-04-24T19:23:36.265430
CUST-00343,James Daniels,bridgesstephanie@example.org,East Paula,KS,US,50515,social media,True,2025-10-18T14:52:31.908124,2026-04-24T19:22:43.317693,2026-04-24T19:23:36.265838
CUST-00344,Amanda Murray,paulproctor@example.org,New Elizabethborough,NJ,US,51504,Paid Search,True,2025-05-10T18:10:53.293340,2026-04-24T19:22:54.726562,2026-04-24T19:23:36.266248
CUST-00345,John Evans,ERIC08@EXAMPLE.NET,Paigeborough,DE,US,31429,PAID_SEARCH,True,2025-03-18T13:53:13.472445,2026-04-24T19:22:55.470809,2026-04-24T19:23:36.266580
CUST-00346,Alexa Williams,laurarichards@example.com,Barkerberg,MN,US,12229,Social Media,True,2024-01-22T14:49:40.824745,2026-04-24T19:23:05.995152,2026-04-24T19:23:36.267125
CUST-00347,Meredith Moody,sarah00@example.com,South Jesse,OH,US,84996,EMAIL,True,2025-08-01T05:11:14.512709,2026-04-24T19:23:24.331523,2026-04-24T19:23:36.267569
CUST-00348,Nathaniel King,BQUINN@EXAMPLE.NET,South Jasmineside,LA,US,71638,Referral,True,2025-05-27T20:17:57.320429,2026-04-24T19:22:47.386550,2026-04-24T19:23:36.267969
CUST-00349,Ronald Rocha,amymorris@example.com,North Amanda,NV,US,39255,Social Media,True,2025-10-08T22:34:43.544428,2026-04-24T19:23:08.496357,2026-04-24T19:23:36.268381
CUST-00350,Cody Smith,osmith@example.net,Kimberlybury,MD,US,95004,EMAIL,True,2023-07-03T11:49:41.471837,2026-04-24T19:23:34.029789,2026-04-24T19:23:36.269038
CUST-00351,Brittany Campbell,RLEE@EXAMPLE.COM,Davidsonville,CT,US,69077,EMAIL,True,2025-04-16T01:08:39.340432,2026-04-24T19:22:38.626636,2026-04-24T19:23:36.269616
CUST-00352,Mr. Kenneth Huff,gregoryjohnson@example.org,Foxshire,KS,US,06934,EMAIL,True,2024-05-30T12:13:17.302722,2026-04-24T19:23:12.357218,2026-04-24T19:23:36.270153
CUST-00353,Steve Miller PhD,smithsamantha@example.net,West Angelachester,GU,US,48875,Referral,True,2025-09-11T08:42:13.016599,2026-04-24T19:22:39.498002,2026-04-24T19:23:36.270584
CUST-00354,Toni Davis,ALLISON14@EXAMPLE.ORG,New Paul,ID,US,69470,Paid Search,True,2025-04-13T20:10:04.772093,2026-04-24T19:23:10.201660,2026-04-24T19:23:36.270921
CUST-00355,Mark Howard,angelagrant@example.net,Parkchester,FM,US,14145,Referral,True,2023-10-24T20:44:30.908378,2026-04-24T19:22:46.823792,2026-04-24T19:23:36.271336
CUST-00356,Lindsay Mahoney,qwagner@example.org,Andreamouth,PR,US,49223,Referral,True,2024-07-19T21:36:48.449344,2026-04-24T19:23:13.994449,2026-04-24T19:23:36.271684
CUST-00357,Joshua Garner,CHARLENE98@EXAMPLE.ORG,Suzannemouth,MO,US,00526,Social Media,True,2025-06-28T22:09:53.554557,2026-04-24T19:23:34.977388,2026-04-24T19:23:36.272011
CUST-00358,William Lewis,holmesvictoria@example.com,Andrewview,PW,US,73070,PAID_SEARCH,True,2024-11-05T07:09:15.469434,2026-04-24T19:23:10.240092,2026-04-24T19:23:36.272423
CUST-00359,Jacob Perkins,clintonstevens@example.org,West Lisa,CO,US,75275,Social Media,True,2024-07-06T03:42:47.353531,2026-04-24T19:23:31.072908,2026-04-24T19:23:36.272817
CUST-00360,Steven Warner PhD,CUMMINGSLAURA@EXAMPLE.ORG,New Dawnton,VA,US,76035,ORGANIC SEARCH,True,2024-06-16T03:43:54.749810,2026-04-24T19:23:22.807314,2026-04-24T19:23:36.273222
CUST-00361,Cristina Delgado,michael66@example.org,Lake Kimberlyfurt,AR,US,40449,organic,True,2024-11-19T15:57:37.496530,2026-04-24T19:22:55.158993,2026-04-24T19:23:36.273562
CUST-00362,Nicholas Long,markwolfe@example.org,Mullinsshire,NY,US,12308,ORGANIC SEARCH,True,2023-12-24T10:21:27.285767,2026-04-24T19:22:53.386982,2026-04-24T19:23:36.274107
CUST-00363,Patrick Kelley,VHERNANDEZ@EXAMPLE.ORG,Christopherhaven,NE,US,91972,ORGANIC SEARCH,True,2023-09-14T22:37:25.102852,2026-04-24T19:22:44.092246,2026-04-24T19:23:36.274492
CUST-00364,Yolanda Warren,tonypearson@example.org,North Joseph,NE,US,42891,Referral,True,2025-05-14T08:50:53.183590,2026-04-24T19:23:10.561094,2026-04-24T19:23:36.274919
CUST-00365,Gregory Rios,powersrodney@example.com,Garystad,RI,US,58462,social media,True,2025-03-07T22:05:54.965829,2026-04-24T19:23:02.427805,2026-04-24T19:23:36.275328
CUST-00366,Ashley Brown,JAMESBROOKS@EXAMPLE.NET,Port Marissa,LA,US,02301,Social Media,True,2024-05-05T05:12:39.631264,2026-04-24T19:23:24.256846,2026-04-24T19:23:36.275732
CUST-00367,Christy Payne,shannon05@example.org,Anaberg,UT,US,92088,social media,True,2025-04-26T07:32:16.193728,2026-04-24T19:22:58.596400,2026-04-24T19:23:36.276064
CUST-00368,Lisa Brown,scottbrian@example.org,North Paulview,TN,US,87021,PAID_SEARCH,True,2024-05-23T18:53:27.515856,2026-04-24T19:22:42.473486,2026-04-24T19:23:36.276458
CUST-00369,Michelle Mckee,MICHELLE63@EXAMPLE.COM,Delacruzside,CO,US,24935,Social Media,True,2023-11-28T23:59:12.618309,2026-04-24T19:23:34.007482,2026-04-24T19:23:36.276807
CUST-00370,James Moore,williamssandra@example.com,Gabriellestad,SC,US,40127,Social Media,True,2024-01-08T21:39:08.127807,2026-04-24T19:23:34.694656,2026-04-24T19:23:36.277207
CUST-00371,Tiffany Perez,lisa46@example.org,Pennyberg,CO,US,96169,organic,True,2024-06-16T21:06:52.792611,2026-04-24T19:23:33.636342,2026-04-24T19:23:36.277619
CUST-00372,Susan Murphy,ROBERTBERRY@EXAMPLE.COM,East Denise,OR,US,71457,Paid Search,True,2025-05-13T14:43:13.633784,2026-04-24T19:22:48.138614,2026-04-24T19:23:36.278100
CUST-00373,Jessica Stout,kylethornton@example.net,Lake Sarah,PW,US,21216,organic,True,2024-04-06T23:23:41.269845,2026-04-24T19:23:09.440418,2026-04-24T19:23:36.278524
CUST-00374,Pamela Beard,whitemary@example.org,Aliport,NV,US,98229,Social Media,True,2026-02-11T05:40:12.401856,2026-04-24T19:23:29.647806,2026-04-24T19:23:36.278944
CUST-00375,Phillip Salazar,EDWIN31@EXAMPLE.ORG,Catherinebury,PA,US,30933,PAID_SEARCH,True,2024-01-03T02:28:36.961597,2026-04-24T19:22:37.565070,2026-04-24T19:23:36.279289
CUST-00376,Julie Banks,wattsthomas@example.net,Port Paul,NJ,US,18525,ORGANIC SEARCH,True,2023-10-21T13:14:48.406355,2026-04-24T19:22:49.576384,2026-04-24T19:23:36.279751
CUST-00377,Courtney Powers,aduran@example.com,Port James,HI,US,58078,organic,True,2025-11-30T05:13:59.014889,2026-04-24T19:23:05.396574,2026-04-24T19:23:36.280260
CUST-00378,Lisa Holloway,MICHELLE36@EXAMPLE.COM,Phillipshire,PA,US,70776,Paid Search,True,2024-11-20T14:14:20.170431,2026-04-24T19:23:28.546978,2026-04-24T19:23:36.280852
CUST-00379,Danielle Medina,meyershannon@example.org,New Paulton,ID,US,38666,PAID_SEARCH,True,2024-08-18T17:10:38.373381,2026-04-24T19:23:29.063854,2026-04-24T19:23:36.281279
CUST-00380,Melissa Mckee,steven64@example.net,Gallegosmouth,CO,US,95219,ORGANIC SEARCH,True,2024-10-24T16:02:35.100543,2026-04-24T19:22:46.786283,2026-04-24T19:23:36.281636
CUST-00381,Kevin Marquez,PHILLIPMORRIS@EXAMPLE.ORG,South Christopher,MD,US,91165,Social Media,True,2025-04-04T17:53:54.644364,2026-04-24T19:23:18.688185,2026-04-24T19:23:36.282090
CUST-00382,Madison Miller,jennifermartinez@example.org,Acostahaven,RI,US,21459,EMAIL,True,2024-06-13T00:19:30.080266,2026-04-24T19:22:58.836421,2026-04-24T19:23:36.282613
CUST-00383,Carla Thomas,rhondacunningham@example.net,South Kylemouth,LA,US,82611,Social Media,True,2023-11-09T01:55:27.559139,2026-04-24T19:23:29.912515,2026-04-24T19:23:36.283037
CUST-00384,Scott Stephens,ADAMCANNON@EXAMPLE.ORG,New Nicolebury,IL,US,77684,ORGANIC SEARCH,True,2025-04-16T16:23:09.321588,2026-04-24T19:23:03.224309,2026-04-24T19:23:36.283444
CUST-00385,Joshua Harvey,mmiller@example.org,North Jack,AR,US,86127,social media,True,2024-05-11T12:22:47.262341,2026-04-24T19:22:44.722465,2026-04-24T19:23:36.283794
CUST-00386,Brandon Rodriguez,estradamary@example.com,East Emily,RI,US,87129,Social Media,True,2025-05-21T19:01:44.567712,2026-04-24T19:23:11.698139,2026-04-24T19:23:36.284186
CUST-00387,Anna Evans,TAMMYCURRY@EXAMPLE.COM,Priscillaland,WV,US,56511,Social Media,True,2025-11-04T02:50:55.489931,2026-04-24T19:22:39.895552,2026-04-24T19:23:36.284591
CUST-00388,Jason Clark,staylor@example.com,New Brian,OK,US,96147,EMAIL,True,2026-04-02T04:20:12.303353,2026-04-24T19:23:07.736797,2026-04-24T19:23:36.284948
CUST-00389,Lee Stewart,webbhaley@example.net,Sarashire,NM,US,68619,Referral,True,2025-07-02T01:40:35.633763,2026-04-24T19:23:05.864467,2026-04-24T19:23:36.285346
CUST-00390,April Johnson,NICOLEHALL@EXAMPLE.COM,Lake Melaniechester,MT,US,06463,PAID_SEARCH,True,2024-04-24T19:56:10.365179,2026-04-24T19:23:09.624930,2026-04-24T19:23:36.285837
CUST-00391,Barry Evans,alexharris@example.com,Katieville,TX,US,44185,Paid Search,True,2024-05-03T02:59:19.795239,2026-04-24T19:23:19.463799,2026-04-24T19:23:36.286461
CUST-00392,Karen Wells,collierjames@example.com,Lake Derekberg,SC,US,60875,Paid Search,True,2025-12-27T12:48:21.821834,2026-04-24T19:23:08.218053,2026-04-24T19:23:36.286919
CUST-00393,Nathaniel Stewart,STEVEN60@EXAMPLE.NET,East Barbaramouth,AS,US,46847,social media,True,2023-07-06T15:20:06.421064,2026-04-24T19:22:44.958294,2026-04-24T19:23:36.287264
CUST-00394,Laura Price,morgannicholas@example.net,Port Kimberlyport,VT,US,41723,Referral,True,2025-06-10T20:57:47.258627,2026-04-24T19:22:52.289845,2026-04-24T19:23:36.287694
CUST-00395,Elizabeth Warren,crawfordjohn@example.com,North Neil,AZ,US,26990,Referral,True,2026-01-19T20:49:11.793005,2026-04-24T19:23:02.626446,2026-04-24T19:23:36.288111
CUST-00396,Thomas Oconnor,LLOYDREBECCA@EXAMPLE.ORG,Kimberlyberg,WI,US,13379,Social Media,True,2025-10-11T22:06:23.172053,2026-04-24T19:23:32.281431,2026-04-24T19:23:36.288655
CUST-00397,Kelly Smith,jamiejohnson@example.com,Lake Melanieland,MA,US,61695,EMAIL,True,2025-12-24T09:16:06.480239,2026-04-24T19:22:42.186170,2026-04-24T19:23:36.289077
CUST-00398,Dustin Patel,andrew43@example.com,Lambertview,FL,US,21144,social media,True,2024-02-18T22:00:52.480746,2026-04-24T19:22:36.915403,2026-04-24T19:23:36.289433
CUST-00399,Tony Brock,CLARKMICHAEL@EXAMPLE.COM,East Charles,RI,US,44900,social media,True,2024-12-07T09:48:42.254843,2026-04-24T19:22:39.043571,2026-04-24T19:23:36.289829
CUST-00400,Brandon Myers,ruizemma@example.org,Jensenport,MA,US,26472,Referral,True,2025-06-14T05:23:51.992221,2026-04-24T19:23:16.252216,2026-04-24T19:23:36.290243
CUST-00401,Anna Lang,beltrankatelyn@example.com,Davisport,TX,US,84966,PAID_SEARCH,True,2025-06-11T06:50:52.561758,2026-04-24T19:23:03.923794,2026-04-24T19:23:36.290659
CUST-00402,Jack White,STACEYTHOMAS@EXAMPLE.NET,Kristinamouth,NH,US,64399,Referral,True,2023-05-28T05:58:37.875587,2026-04-24T19:23:04.520062,2026-04-24T19:23:36.291079
CUST-00403,Bethany Garcia,timothy24@example.com,West Angelaland,WY,US,40100,Referral,True,2024-11-28T19:51:49.572779,2026-04-24T19:23:00.048989,2026-04-24T19:23:36.291424
CUST-00404,John Jones,pallen@example.net,Port Heather,NE,US,57563,Social Media,True,2025-01-05T14:12:55.706146,2026-04-24T19:22:56.532050,2026-04-24T19:23:36.291782
CUST-00405,Laura Tucker,GILBERTCALDWELL@EXAMPLE.NET,Nguyenville,GU,US,58856,Social Media,True,2023-11-04T03:00:26.862086,2026-04-24T19:23:33.353007,2026-04-24T19:23:36.292212
CUST-00406,Jamie Snyder,georgegina@example.net,North Jeffberg,FM,US,76623,organic,True,2026-01-08T19:16:27.648105,2026-04-24T19:23:14.167969,2026-04-24T19:23:36.292614
CUST-00407,Jean Lane,shermandonna@example.com,East Erin,MD,US,39787,PAID_SEARCH,True,2025-01-08T22:49:19.932575,2026-04-24T19:23:30.792256,2026-04-24T19:23:36.293101
CUST-00408,Lisa Dixon,SAMANTHA65@EXAMPLE.ORG,Port Kelly,MN,US,72444,organic,True,2026-03-20T15:13:18.487609,2026-04-24T19:22:36.050599,2026-04-24T19:23:36.293445
CUST-00409,Kevin Garrett,daniel40@example.org,Sullivanchester,ND,US,28185,EMAIL,True,2025-04-19T23:43:23.382946,2026-04-24T19:23:04.492285,2026-04-24T19:23:36.293900
CUST-00410,Brittany Bright,angelabridges@example.com,East Alexander,SD,US,02559,EMAIL,True,2023-09-29T20:48:39.882088,2026-04-24T19:23:29.093321,2026-04-24T19:23:36.294305
CUST-00411,Robert Dalton,IPROCTOR@EXAMPLE.ORG,Hansonmouth,NY,US,56091,PAID_SEARCH,False,2024-12-19T23:31:06.079576,2026-04-24T19:23:03.002746,2026-04-24T19:23:36.294675
CUST-00412,Sarah Young,jeremiah69@example.org,Robertside,OK,US,48600,Social Media,True,2023-05-31T18:04:08.758142,2026-04-24T19:22:38.271902,2026-04-24T19:23:36.295004
CUST-00413,Mr. Charles Simon,hbush@example.net,Stevenland,NC,US,80464,PAID_SEARCH,True,2023-07-31T00:00:37.113923,2026-04-24T19:23:04.347094,2026-04-24T19:23:36.295359
CUST-00414,Anthony Cooper,SUTTONAMBER@EXAMPLE.NET,South Shawnfort,OK,US,96683,social media,True,2024-04-22T08:01:26.414846,2026-04-24T19:22:57.174872,2026-04-24T19:23:36.295877
CUST-00415,Richard Green,keith09@example.net,Laneshire,AR,US,86526,ORGANIC SEARCH,True,2026-04-14T05:59:52.972290,2026-04-24T19:23:24.533747,2026-04-24T19:23:36.296323
CUST-00416,Richard King,mitchellchristopher@example.net,Joshuaview,AL,US,97681,organic,True,2023-08-25T07:33:26.613632,2026-04-24T19:22:46.476831,2026-04-24T19:23:36.296755
CUST-00417,Michael Washington,DONNAWOOD@EXAMPLE.ORG,West Traceyberg,PA,US,20705,Social Media,True,2025-10-28T21:04:30.136961,2026-04-24T19:23:21.165678,2026-04-24T19:23:36.297325
CUST-00418,Mark Clark,ptownsend@example.net,Brianview,WV,US,15704,Social Media,False,2023-06-21T15:19:46.832692,2026-04-24T19:23:03.840896,2026-04-24T19:23:36.297690
CUST-00419,Michael Price,vturner@example.net,Dustinchester,AL,US,38353,social media,True,2026-02-04T01:31:41.770410,2026-04-24T19:23:02.929237,2026-04-24T19:23:36.298053
CUST-00420,Tina Reynolds,SUZANNE01@EXAMPLE.NET,Matthewview,AS,US,13382,social media,True,2024-01-29T20:57:34.593847,2026-04-24T19:23:11.050610,2026-04-24T19:23:36.298391
CUST-00421,Leah Lee,vmejia@example.org,Ericaburgh,MD,US,72277,Referral,True,2023-05-06T16:17:07.799981,2026-04-24T19:22:36.508570,2026-04-24T19:23:36.298745
CUST-00422,Heather Hardy,smithconnor@example.org,Jamestown,RI,US,12551,PAID_SEARCH,True,2023-06-26T09:57:06.989171,2026-04-24T19:23:11.648315,2026-04-24T19:23:36.299311
CUST-00423,Angelica Jacobs,STEPHANIELITTLE@EXAMPLE.NET,Douglasshire,AS,US,24718,organic,True,2025-12-31T20:30:14.954162,2026-04-24T19:23:17.739218,2026-04-24T19:23:36.299744
CUST-00424,Melissa Contreras,kenneth17@example.com,Jonathanland,KY,US,08678,PAID_SEARCH,True,2024-06-17T12:40:46.215549,2026-04-24T19:22:55.959284,2026-04-24T19:23:36.300081
CUST-00425,John Mcfarland,scottlisa@example.org,Whitefort,CT,US,19358,Social Media,True,2024-12-07T11:15:34.297301,2026-04-24T19:23:01.875215,2026-04-24T19:23:36.300510
CUST-00426,Benjamin Luna,GAINESJENNIFER@EXAMPLE.ORG,Smithfort,FL,US,86073,ORGANIC SEARCH,True,2025-03-26T17:10:42.712243,2026-04-24T19:23:31.973624,2026-04-24T19:23:36.300924
CUST-00427,Laura Robertson,sadams@example.com,Mendozafurt,PR,US,95890,EMAIL,True,2025-08-27T18:37:12.868004,2026-04-24T19:23:23.122902,2026-04-24T19:23:36.301293
CUST-00428,Joseph Frey,aaronfinley@example.com,Evelynfurt,AR,US,83374,Referral,True,2026-04-21T12:54:00.993584,2026-04-24T19:23:14.824465,2026-04-24T19:23:36.301698
CUST-00429,Donna Harris,AMANDA51@EXAMPLE.COM,South Donnaport,UT,US,51632,Paid Search,True,2026-01-01T08:34:34.941676,2026-04-24T19:23:13.837023,2026-04-24T19:23:36.302037
CUST-00430,Alexander Davies,tom73@example.org,South Paul,WY,US,71352,Paid Search,True,2025-03-30T01:58:24.283830,2026-04-24T19:23:05.981049,2026-04-24T19:23:36.302366
CUST-00431,George Le,blevy@example.org,Wilsonhaven,NH,US,89378,Paid Search,True,2025-12-03T13:59:33.588881,2026-04-24T19:23:08.193684,2026-04-24T19:23:36.302730
CUST-00432,Alec Meadows DDS,SANDYJOHNSON@EXAMPLE.ORG,Lake Deborah,AL,US,23078,Referral,True,2025-03-18T07:22:41.555246,2026-04-24T19:23:30.279741,2026-04-24T19:23:36.303137
CUST-00433,Robert Wilson,bryantgeorge@example.net,North Linda,NE,US,44717,ORGANIC SEARCH,True,2025-09-30T06:53:43.990579,2026-04-24T19:23:34.931565,2026-04-24T19:23:36.303528
CUST-00434,Erica Oconnell,rnguyen@example.net,Port Brandon,HI,US,44476,ORGANIC SEARCH,True,2023-07-03T08:40:33.461011,2026-04-24T19:22:52.433601,2026-04-24T19:23:36.303873
CUST-00435,David Perkins,XJACKSON@EXAMPLE.NET,North Kylie,SC,US,80774,organic,True,2024-06-10T05:19:50.746746,2026-04-24T19:22:45.465220,2026-04-24T19:23:36.304221
CUST-00436,Michelle Wheeler,amiller@example.org,Robertfort,UT,US,17133,EMAIL,True,2023-12-06T23:33:46.405596,2026-04-24T19:23:14.389542,2026-04-24T19:23:36.304565
CUST-00437,Linda Love,ljenkins@example.net,Lake Margaretport,MI,US,55392,social media,True,2023-04-30T02:17:34.484515,2026-04-24T19:22:50.138340,2026-04-24T19:23:36.304913
CUST-00438,Philip Fernandez,DOWNSTIFFANY@EXAMPLE.NET,South Kaylee,TN,US,27778,Paid Search,True,2024-02-21T23:22:33.611211,2026-04-24T19:22:47.623140,2026-04-24T19:23:36.305302
CUST-00439,Christopher Livingston Jr.,ginaschmitt@example.com,Justinchester,KS,US,44317,PAID_SEARCH,True,2025-02-28T22:46:27.197296,2026-04-24T19:23:29.404776,2026-04-24T19:23:36.305701
CUST-00440,Casey Floyd,vwilliams@example.org,Robertsonland,MH,US,31342,EMAIL,True,2025-06-23T13:02:24.404170,2026-04-24T19:23:11.562400,2026-04-24T19:23:36.306071
CUST-00441,Brent Rojas,ROBERT53@EXAMPLE.ORG,South Patricia,CA,US,62234,social media,True,2025-01-25T04:26:18.619902,2026-04-24T19:22:39.260361,2026-04-24T19:23:36.306402
CUST-00442,James Ellis,nthomas@example.com,Lake Michael,KY,US,27005,Referral,True,2024-04-27T03:08:10.599948,2026-04-24T19:22:37.925676,2026-04-24T19:23:36.306751
CUST-00443,Christopher Cooper,ramirezdaniel@example.com,Cassandraburgh,OK,US,72951,ORGANIC SEARCH,True,2025-11-16T22:22:45.279354,2026-04-24T19:22:41.188460,2026-04-24T19:23:36.307244
CUST-00444,Joel Smith,NATKINS@EXAMPLE.NET,Fitzgeraldbury,IA,US,43400,Social Media,True,2024-08-12T21:39:58.587090,2026-04-24T19:22:49.344397,2026-04-24T19:23:36.307636
CUST-00445,Amanda Ruiz,robinvillanueva@example.com,South Amandafort,AS,US,91812,social media,True,2025-10-10T23:49:38.887093,2026-04-24T19:23:03.146482,2026-04-24T19:23:36.308044
CUST-00446,Tiffany Anderson,christophermullins@example.net,Johnland,AK,US,63387,organic,True,2025-04-27T03:55:08.060471,2026-04-24T19:22:45.708170,2026-04-24T19:23:36.308447
CUST-00447,Jesse Ingram,VHODGE@EXAMPLE.NET,Lopezstad,SC,US,61357,Referral,True,2025-06-04T08:48:40.483852,2026-04-24T19:22:36.081819,2026-04-24T19:23:36.308816
CUST-00448,Jeffery Nelson,cruzhannah@example.net,Port Gail,RI,US,44501,PAID_SEARCH,True,2025-07-09T06:36:30.421275,2026-04-24T19:22:39.288701,2026-04-24T19:23:36.309216
CUST-00449,Andrew Richardson,pamela16@example.com,New Jennaborough,DC,US,44400,Social Media,True,2024-01-11T13:30:01.533875,2026-04-24T19:22:42.813461,2026-04-24T19:23:36.309556
CUST-00450,Michele Mullins,WMCLAUGHLIN@EXAMPLE.NET,West Michael,KY,US,66504,EMAIL,True,2025-05-09T10:12:54.047281,2026-04-24T19:22:52.628720,2026-04-24T19:23:36.309907
CUST-00451,Barbara Mckinney,watsonshaun@example.net,Shannonstad,AS,US,88752,Social Media,True,2026-02-23T22:38:02.979121,2026-04-24T19:23:24.527753,2026-04-24T19:23:36.310303
CUST-00452,Steven Roberts,lopeznicole@example.org,North Fredville,UT,US,19893,PAID_SEARCH,True,2024-10-19T22:12:02.797469,2026-04-24T19:23:28.499588,2026-04-24T19:23:36.310711
CUST-00453,Kara Fisher,CARTERTARA@EXAMPLE.NET,West Jaimetown,VI,US,30952,Referral,True,2025-10-25T22:56:53.159307,2026-04-24T19:23:07.177229,2026-04-24T19:23:36.311109
CUST-00454,Melissa Wilkinson,robert55@example.com,Ellisshire,DC,US,40673,Referral,False,2023-10-30T06:19:47.082119,2026-04-24T19:22:51.600447,2026-04-24T19:23:36.311457
CUST-00455,Duane Huber,swatson@example.org,Lake Amanda,HI,US,23485,PAID_SEARCH,True,2025-10-30T18:14:22.070505,2026-04-24T19:23:17.571556,2026-04-24T19:23:36.311800
CUST-00456,Jessica Wood,EVANWILSON@EXAMPLE.COM,New Jasmine,TN,US,42043,ORGANIC SEARCH,True,2026-03-31T17:25:48.790252,2026-04-24T19:22:44.876653,2026-04-24T19:23:36.312391
CUST-00457,Thomas Sullivan,kfernandez@example.net,Mackmouth,MD,US,20955,Social Media,True,2023-04-29T19:02:30.567291,2026-04-24T19:23:20.309699,2026-04-24T19:23:36.312806
CUST-00458,Nicole Mcknight,deborah47@example.com,Port Annette,PW,US,58448,Referral,True,2024-04-30T04:35:13.103219,2026-04-24T19:22:42.738937,2026-04-24T19:23:36.313149
CUST-00459,Elizabeth Morales,IMCCULLOUGH@EXAMPLE.NET,South Michael,MD,US,07714,EMAIL,True,2025-02-19T10:49:33.025100,2026-04-24T19:22:47.708985,2026-04-24T19:23:36.313519
CUST-00460,Joshua Griffin,kimberlywang@example.org,New Prestonfort,MD,US,79559,organic,True,2025-02-16T02:00:14.945817,2026-04-24T19:23:32.604130,2026-04-24T19:23:36.314083
CUST-00461,Dustin Bell,raymond65@example.com,Sawyerland,IL,US,95902,EMAIL,True,2025-12-22T20:57:07.062595,2026-04-24T19:23:20.491661,2026-04-24T19:23:36.314445
CUST-00462,Tracy Coleman,SLARA@EXAMPLE.ORG,Taylorshire,PA,US,11783,social media,True,2023-09-29T11:26:00.174563,2026-04-24T19:22:54.193868,2026-04-24T19:23:36.314901
CUST-00463,Mark Nelson,carl96@example.org,New Steven,OK,US,99492,ORGANIC SEARCH,True,2026-01-21T12:44:46.140938,2026-04-24T19:22:47.955454,2026-04-24T19:23:36.315596
CUST-00464,Elizabeth Richards,froberts@example.org,Hansenmouth,IN,US,04018,Social Media,False,2025-09-08T01:01:19.653719,2026-04-24T19:22:45.241438,2026-04-24T19:23:36.316060
CUST-00465,Donna White,STEPHANIE71@EXAMPLE.NET,North David,KY,US,65126,organic,True,2026-04-18T14:20:55.922958,2026-04-24T19:22:40.003489,2026-04-24T19:23:36.316406
CUST-00466,Karen Benson,bianca96@example.com,West Williamshire,AK,US,34519,Paid Search,True,2023-10-20T12:32:59.619388,2026-04-24T19:22:39.510624,2026-04-24T19:23:36.316756
CUST-00467,Isaac Fields,steven25@example.org,Brandonport,NC,US,84248,organic,True,2026-02-14T00:41:18.833417,2026-04-24T19:23:06.831990,2026-04-24T19:23:36.317088
CUST-00468,Shelia Serrano,KATHYGEORGE@EXAMPLE.ORG,Josephstad,CT,US,70548,social media,True,2025-01-19T15:45:09.394512,2026-04-24T19:23:25.398889,2026-04-24T19:23:36.317485
CUST-00469,Thomas Martin,taylorjuan@example.com,East Wesley,MP,US,25197,organic,True,2025-09-12T07:14:40.565929,2026-04-24T19:23:09.519313,2026-04-24T19:23:36.317940
CUST-00470,Tammy Mendoza,butlersabrina@example.org,Hannahberg,GU,US,58426,Referral,True,2025-12-24T23:28:56.583589,2026-04-24T19:23:11.858918,2026-04-24T19:23:36.318347
CUST-00471,Courtney Vincent,GERALD40@EXAMPLE.NET,Lake Jeremy,DC,US,28005,Referral,True,2023-09-14T18:29:49.226904,2026-04-24T19:22:40.716298,2026-04-24T19:23:36.318685
CUST-00472,Brian Mcguire,joneskim@example.com,South Davidview,AZ,US,09184,Social Media,True,2024-03-20T14:34:21.045078,2026-04-24T19:22:36.616344,2026-04-24T19:23:36.319085
CUST-00473,Christina Lambert,pattonsamantha@example.org,North Dustinview,OR,US,46092,Referral,True,2024-05-15T00:05:44.026372,2026-04-24T19:23:27.308285,2026-04-24T19:23:36.319486
CUST-00474,Kendra Baldwin,WILLIAMJONES@EXAMPLE.NET,Georgeside,AL,US,95573,organic,True,2023-08-11T05:16:39.576668,2026-04-24T19:22:48.840923,2026-04-24T19:23:36.319903
CUST-00475,Tyler White,lrichardson@example.org,Tinachester,IL,US,67904,Social Media,True,2023-12-30T10:09:58.981746,2026-04-24T19:22:42.770729,2026-04-24T19:23:36.320373
CUST-00476,Isaiah Roberts DDS,david18@example.org,West Tristanfurt,LA,US,60393,social media,True,2025-02-10T22:42:51.620478,2026-04-24T19:22:54.720415,2026-04-24T19:23:36.320749
CUST-00477,Mrs. Shannon Jacobson,APEREZ@EXAMPLE.COM,Crosbystad,HI,US,02176,EMAIL,True,2026-04-23T09:48:13.053732,2026-04-24T19:23:05.498902,2026-04-24T19:23:36.321135
CUST-00478,Charles Morales,sandersalexandra@example.net,Lake Saraburgh,CA,US,48173,PAID_SEARCH,True,2026-03-28T15:24:05.805910,2026-04-24T19:22:56.317899,2026-04-24T19:23:36.321536
CUST-00479,Dr. Ralph Wheeler DDS,bmartinez@example.net,Kellyfurt,NM,US,67533,organic,True,2024-02-24T16:10:25.520003,2026-04-24T19:23:22.079973,2026-04-24T19:23:36.321917
CUST-00480,Brandy Garcia,MARTINEZTRACY@EXAMPLE.ORG,Port Carlostown,HI,US,50653,PAID_SEARCH,False,2025-02-15T13:00:57.573799,2026-04-24T19:22:55.617353,2026-04-24T19:23:36.322326
CUST-00481,Patricia Sparks,christy11@example.net,West Ebony,NM,US,66665,Paid Search,True,2024-02-05T19:11:38.194641,2026-04-24T19:22:56.616939,2026-04-24T19:23:36.322659
CUST-00482,Barbara Cole,cisnerosanthony@example.com,Ramoston,AZ,US,23683,Referral,True,2024-12-25T00:55:12.720865,2026-04-24T19:23:27.621642,2026-04-24T19:23:36.323152
CUST-00483,Mike Freeman,NICOLE27@EXAMPLE.COM,New Emilyside,TX,US,71200,organic,True,2025-01-11T01:40:35.486281,2026-04-24T19:23:04.554663,2026-04-24T19:23:36.323517
CUST-00484,Jamie Rhodes,williammyers@example.com,Luketown,OR,US,06414,EMAIL,True,2023-09-12T13:22:17.658940,2026-04-24T19:22:57.984606,2026-04-24T19:23:36.323923
CUST-00485,Gregory Howard,hubbardcolleen@example.com,Brianbury,IA,US,31253,organic,True,2025-04-04T04:55:04.948271,2026-04-24T19:23:11.551900,2026-04-24T19:23:36.324782
CUST-00486,Gabriel Murray,MELTONDANNY@EXAMPLE.ORG,Bradleychester,KY,US,03175,EMAIL,True,2025-05-26T15:54:59.952027,2026-04-24T19:23:11.279354,2026-04-24T19:23:36.325363
CUST-00487,John Vazquez,nicholas65@example.net,West Tyler,AS,US,87976,Social Media,True,2024-05-01T03:04:15.600151,2026-04-24T19:23:12.889673,2026-04-24T19:23:36.325718
CUST-00488,Rachel Pittman,tara37@example.net,West Joseph,ME,US,75673,Referral,True,2024-07-08T14:19:56.931738,2026-04-24T19:22:49.553159,2026-04-24T19:23:36.326060
CUST-00489,Austin Solis,ROBBINSBELINDA@EXAMPLE.NET,Simmonsstad,WY,US,10549,Paid Search,True,2025-04-07T23:44:54.566720,2026-04-24T19:22:54.110821,2026-04-24T19:23:36.326487
CUST-00490,David Robertson,ryan85@example.org,North Courtney,NC,US,24951,ORGANIC SEARCH,True,2025-01-16T03:30:48.133219,2026-04-24T19:22:48.777168,2026-04-24T19:23:36.326817
CUST-00491,Sarah Meadows,oadams@example.net,New Jamesmouth,FL,US,32007,Social Media,True,2023-10-06T23:07:56.424431,2026-04-24T19:23:17.118398,2026-04-24T19:23:36.327173
CUST-00492,Sarah Adams,MEGAN65@EXAMPLE.ORG,Debbieview,TX,US,79305,EMAIL,True,2024-01-08T19:40:54.031072,2026-04-24T19:22:50.309005,2026-04-24T19:23:36.327501
CUST-00493,Justin Graham,jamessanchez@example.com,East Erikberg,AK,US,34369,social media,True,2025-09-06T08:16:08.630013,2026-04-24T19:22:52.666320,2026-04-24T19:23:36.327899
CUST-00494,Mr. Scott Miller,dawnwilliams@example.net,Michellechester,MH,US,48137,organic,True,2025-04-30T01:15:02.599513,2026-04-24T19:23:29.143161,2026-04-24T19:23:36.328306
CUST-00495,Kenneth Mason,UHAHN@EXAMPLE.ORG,New Elizabethshire,WI,US,69347,PAID_SEARCH,True,2024-01-25T23:58:34.160491,2026-04-24T19:23:29.073892,2026-04-24T19:23:36.328660
CUST-00496,Kevin Price,carolmejia@example.com,South Jeffery,CT,US,23458,social media,True,2023-12-15T16:35:04.470384,2026-04-24T19:22:52.472840,2026-04-24T19:23:36.329075
CUST-00497,James Fry MD,lking@example.org,Wellsbury,KY,US,19494,Paid Search,True,2024-05-26T19:58:03.545184,2026-04-24T19:23:18.940274,2026-04-24T19:23:36.329457
CUST-00498,Teresa Vazquez,ANDREW90@EXAMPLE.NET,West Angela,ME,US,84249,PAID_SEARCH,True,2026-03-10T07:36:33.384389,2026-04-24T19:22:57.771306,2026-04-24T19:23:36.329795
CUST-00499,Theodore Long,nicholsjoel@example.com,Kevinbury,ME,US,28076,Referral,False,2025-11-21T18:25:17.717161,2026-04-24T19:22:45.613634,2026-04-24T19:23:36.330191
CUST-00500,Andrew Delacruz,zwelch@example.net,Ruizchester,MP,US,44111,organic,True,2025-06-19T03:24:08.488331,2026-04-24T19:23:28.605674,2026-04-24T19:23:36.330645
